{"version":"0.4","title":"ui-elements","type":"page","content":[{"id":"nghgljk","elType":"section","settings":{"structure":"34"},"elements":[{"id":"ndtomiy","elType":"column","settings":{"_column_size":16,"_inline_size":12.979},"elements":[],"isInner":false},{"id":"avbxomv","elType":"column","settings":{"_column_size":66,"_inline_size":74.043},"elements":[{"id":"fdjvujq","elType":"widget","settings":{"editor":"<p class=\"lead-text\" style=\"text-align: center;\"><span style=\"color: #95989a;\">Following are some of the elements which you can use in this theme. The theme is compatible is elementor page builder.<\/span><\/p>"},"elements":[],"widgetType":"text-editor"},{"id":"vvvgjqe","elType":"widget","settings":[],"elements":[],"widgetType":"spacer"}],"isInner":false},{"id":"sqyysoh","elType":"column","settings":{"_column_size":16,"_inline_size":12.973},"elements":[],"isInner":false}],"isInner":false},{"id":"jvawdam","elType":"section","settings":{"structure":"30"},"elements":[{"id":"tkbpypd","elType":"column","settings":{"_column_size":33,"_inline_size":null},"elements":[{"id":"bwqmzqn","elType":"widget","settings":{"heading":"Basic","sub_heading":"","price":"8","period":"Monthly","features_list":[{"item_text":"10 Pages","item_icon":"","_id":"kjl7wfa","item_icon_color":""},{"item_text":"10 Images","item_icon":"","_id":"kbkdi1k","item_icon_color":""},{"item_text":"10 Folios","item_icon":"","_id":"db0xqby","item_icon_color":""}],"button_text":"Start Trial","footer_additional_info":"","ribbon_title":"Popular","show_ribbon":"","pricing_notes":"Billed annually or $10 month-to-month"},"elements":[],"widgetType":"price-table"}],"isInner":false},{"id":"glzlfkw","elType":"column","settings":{"_column_size":33,"_inline_size":null},"elements":[{"id":"clyfisa","elType":"widget","settings":{"heading":"Studio","sub_heading":"","price":"15","period":"Monthly","features_list":[{"item_text":"10 Pages","item_icon":"","_id":"kjl7wfa","item_icon_color":""},{"item_text":"10 Images","item_icon":"","_id":"kbkdi1k","item_icon_color":""},{"item_text":"10 Folios","item_icon":"","_id":"db0xqby","item_icon_color":""}],"button_text":"Start Trial","footer_additional_info":"","ribbon_title":"Popular","show_ribbon":"","pricing_notes":"Billed annually or $10 month-to-month","is_featured":""},"elements":[],"widgetType":"price-table"}],"isInner":false},{"id":"vqjlkdb","elType":"column","settings":{"_column_size":33,"_inline_size":null},"elements":[{"id":"ybrqasq","elType":"widget","settings":{"heading":"Agency","sub_heading":"","price":"27","period":"Monthly","features_list":[{"item_text":"10 Pages","item_icon":"","_id":"kjl7wfa","item_icon_color":""},{"item_text":"10 Images","item_icon":"","_id":"kbkdi1k","item_icon_color":""},{"item_text":"10 Folios","item_icon":"","_id":"db0xqby","item_icon_color":""}],"button_text":"Start Trial","footer_additional_info":"","ribbon_title":"Popular","show_ribbon":"","pricing_notes":"Billed annually or $10 month-to-month","is_featured":""},"elements":[],"widgetType":"price-table"}],"isInner":false}],"isInner":false},{"id":"kuuaefp","elType":"section","settings":[],"elements":[{"id":"smietkv","elType":"column","settings":{"_column_size":100,"_inline_size":null},"elements":[{"id":"mgkdqub","elType":"widget","settings":{"color_horizontal":"rgba(255,255,255,0.17)","gap":{"unit":"px","size":90}},"elements":[],"widgetType":"custom-divider"}],"isInner":false}],"isInner":false},{"id":"hgjjqsx","elType":"section","settings":{"structure":"20"},"elements":[{"id":"jbbnfvg","elType":"column","settings":{"_column_size":50,"_inline_size":null},"elements":[{"id":"sxeiusa","elType":"widget","settings":{"tabs":[{"tab_title":"Main","tab_content":"<p>I am tab content. Click edit button to change this text. Lorem ipsum dolor sit amet, consectetur adipiscing elit. Ut elit tellus, luctus nec ullamcorper mattis, pulvinar dapibus leo.<\/p>","_id":"jlho28l"},{"tab_title":"Profile","tab_content":"","_id":"tdaf5sl"},{"tab_title":"Contact","tab_content":"","_id":"glgyczj"}],"border_color":"rgba(255,255,255,0.23)","tab_color":"#ffffff","tab_typography_typography":"custom","tab_typography_font_size":{"unit":"px","size":18},"tab_typography_font_family":"Open Sans","tab_typography_font_weight":"400","content_typography_typography":"custom","content_typography_font_size":{"unit":"px","size":18},"content_typography_font_family":"Open Sans"},"elements":[],"widgetType":"tabs"}],"isInner":false},{"id":"rybqbis","elType":"column","settings":{"_column_size":50,"_inline_size":null},"elements":[{"id":"ltkodfm","elType":"widget","settings":{"tabs":[{"tab_title":"Accordion #1","tab_content":"<p>I am item content. Click edit button to change this text. Lorem ipsum dolor sit amet, consectetur adipiscing elit. Ut elit tellus, luctus nec ullamcorper mattis, pulvinar dapibus leo.<\/p>","_id":"yk2263x"},{"tab_title":"Accordion #2","tab_content":"<p>I am item content. Click edit button to change this text. Lorem ipsum dolor sit amet, consectetur adipiscing elit. Ut elit tellus, luctus nec ullamcorper mattis, pulvinar dapibus leo.<\/p>","_id":"snfu7r9"}],"icon_align":"right","border_color":"rgba(255,255,255,0.15)","title_color":"#ffffff","title_typography_typography":"custom","title_typography_font_size":{"unit":"px","size":18},"title_typography_font_family":"Open Sans","title_typography_font_weight":"400","title_typography_line_height":{"unit":"em","size":1.8},"content_typography_typography":"custom","content_typography_font_family":"Open Sans"},"elements":[],"widgetType":"accordion"}],"isInner":false}],"isInner":false},{"id":"qttylzf","elType":"section","settings":[],"elements":[{"id":"xdjonzs","elType":"column","settings":{"_column_size":100,"_inline_size":null},"elements":[{"id":"tghfeuo","elType":"widget","settings":{"color_horizontal":"rgba(255,255,255,0.17)","gap":{"unit":"px","size":90}},"elements":[],"widgetType":"custom-divider"}],"isInner":false}],"isInner":false},{"id":"dcyxqap","elType":"section","settings":{"structure":"20"},"elements":[{"id":"ngtlcyc","elType":"column","settings":{"_column_size":50,"_inline_size":null},"elements":[{"id":"wmfaksi","elType":"widget","settings":{"alert_title":"Info Alert","alert_description":"I am description. Click edit button to change this text.","border_left-width":{"unit":"px","size":0},"alert_title_typography":"custom","alert_title_font_size":{"unit":"px","size":16},"alert_title_font_family":"Open Sans","alert_title_font_weight":"600","alert_title_text_transform":"uppercase","alert_title_letter_spacing":{"unit":"px","size":0.3},"alert_description_typography":"custom","alert_description_font_size":{"unit":"px","size":16},"alert_description_font_family":"Open Sans","_padding":{"unit":"px","top":"0","right":"0","bottom":"0","left":"0","isLinked":true},"_border_width":{"unit":"px","top":"1","right":"1","bottom":"1","left":"1","isLinked":true},"_border_color":"#bce8f1","_border_radius":{"unit":"px","top":"5","right":"5","bottom":"5","left":"5","isLinked":true}},"elements":[],"widgetType":"alert"}],"isInner":false},{"id":"fdbcxww","elType":"column","settings":{"_column_size":50,"_inline_size":null},"elements":[{"id":"vbboikh","elType":"widget","settings":{"alert_title":"Warning Alert","alert_description":"I am description. Click edit button to change this text.","border_left-width":{"unit":"px","size":0},"alert_title_typography":"custom","alert_title_font_size":{"unit":"px","size":16},"alert_title_font_family":"Open Sans","alert_title_font_weight":"600","alert_title_text_transform":"uppercase","alert_title_letter_spacing":{"unit":"px","size":0.3},"alert_description_typography":"custom","alert_description_font_size":{"unit":"px","size":16},"alert_description_font_family":"Open Sans","_padding":{"unit":"px","top":"0","right":"0","bottom":"0","left":"0","isLinked":true},"_border_width":{"unit":"px","top":"1","right":"1","bottom":"1","left":"1","isLinked":true},"_border_color":"#bce8f1","_border_radius":{"unit":"px","top":"5","right":"5","bottom":"5","left":"5","isLinked":true},"alert_type":"warning"},"elements":[],"widgetType":"alert"}],"isInner":false}],"isInner":false},{"id":"yoeljsj","elType":"section","settings":{"structure":"20"},"elements":[{"id":"oxmqjlw","elType":"column","settings":{"_column_size":50,"_inline_size":null},"elements":[{"id":"wkvihef","elType":"widget","settings":{"alert_title":"Danger Alert","alert_description":"I am description. Click edit button to change this text.","border_left-width":{"unit":"px","size":0},"alert_title_typography":"custom","alert_title_font_size":{"unit":"px","size":16},"alert_title_font_family":"Open Sans","alert_title_font_weight":"600","alert_title_text_transform":"uppercase","alert_title_letter_spacing":{"unit":"px","size":0.3},"alert_description_typography":"custom","alert_description_font_size":{"unit":"px","size":16},"alert_description_font_family":"Open Sans","_padding":{"unit":"px","top":"0","right":"0","bottom":"0","left":"0","isLinked":true},"_border_width":{"unit":"px","top":"1","right":"1","bottom":"1","left":"1","isLinked":true},"_border_color":"#bce8f1","_border_radius":{"unit":"px","top":"5","right":"5","bottom":"5","left":"5","isLinked":true},"alert_type":"danger"},"elements":[],"widgetType":"alert"}],"isInner":false},{"id":"wrdxtpu","elType":"column","settings":{"_column_size":50,"_inline_size":null},"elements":[{"id":"dyhsyoi","elType":"widget","settings":{"alert_title":"Success Alert","alert_description":"I am description. Click edit button to change this text.","border_left-width":{"unit":"px","size":0},"alert_title_typography":"custom","alert_title_font_size":{"unit":"px","size":16},"alert_title_font_family":"Open Sans","alert_title_font_weight":"600","alert_title_text_transform":"uppercase","alert_title_letter_spacing":{"unit":"px","size":0.3},"alert_description_typography":"custom","alert_description_font_size":{"unit":"px","size":16},"alert_description_font_family":"Open Sans","_padding":{"unit":"px","top":"0","right":"0","bottom":"0","left":"0","isLinked":true},"_border_width":{"unit":"px","top":"1","right":"1","bottom":"1","left":"1","isLinked":true},"_border_color":"#bce8f1","_border_radius":{"unit":"px","top":"5","right":"5","bottom":"5","left":"5","isLinked":true},"alert_type":"success"},"elements":[],"widgetType":"alert"}],"isInner":false}],"isInner":false},{"id":"ukpgyrm","elType":"section","settings":[],"elements":[{"id":"vcdfnix","elType":"column","settings":{"_column_size":100,"_inline_size":null},"elements":[{"id":"eklpqyd","elType":"widget","settings":{"color_horizontal":"rgba(255,255,255,0.17)","gap":{"unit":"px","size":90}},"elements":[],"widgetType":"custom-divider"}],"isInner":false}],"isInner":false},{"id":"sunpyae","elType":"section","settings":[],"elements":[{"id":"whpwxxd","elType":"column","settings":{"_column_size":100,"_inline_size":null},"elements":[{"id":"mzjword","elType":"widget","settings":{"title":"Graphic Design","inner_text":"","title_color":"#ffffff","typography_typography":"custom","typography_font_size":{"unit":"px","size":16},"typography_font_family":"Open Sans","typography_line_height":{"unit":"em","size":2.7},"bar_color":"#0fffbe","bar_bg_color":"rgba(255,255,255,0.16)","bar_inline_color":"#000000","percent":{"unit":"%","size":40},"_margin":{"unit":"px","top":"0","right":"0","bottom":"30","left":"0","isLinked":false}},"elements":[],"widgetType":"progress"},{"id":"edpjbuq","elType":"widget","settings":{"title":"HTML \/ CSS","inner_text":"","title_color":"#ffffff","typography_typography":"custom","typography_font_size":{"unit":"px","size":16},"typography_font_family":"Open Sans","typography_line_height":{"unit":"em","size":2.7},"bar_color":"#0fffbe","bar_bg_color":"rgba(255,255,255,0.16)","bar_inline_color":"#000000","percent":{"unit":"%","size":85},"_margin":{"unit":"px","top":"0","right":"0","bottom":"30","left":"0","isLinked":false}},"elements":[],"widgetType":"progress"},{"id":"jxzload","elType":"widget","settings":{"title":"UI Design","inner_text":"","title_color":"#ffffff","typography_typography":"custom","typography_font_size":{"unit":"px","size":16},"typography_font_family":"Open Sans","typography_line_height":{"unit":"em","size":2.7},"bar_color":"#0fffbe","bar_bg_color":"rgba(255,255,255,0.16)","bar_inline_color":"#000000","percent":{"unit":"%","size":60},"_margin":{"unit":"px","top":"0","right":"0","bottom":"30","left":"0","isLinked":false}},"elements":[],"widgetType":"progress"},{"id":"prchqsj","elType":"widget","settings":{"title":"WordPress","inner_text":"","title_color":"#ffffff","typography_typography":"custom","typography_font_size":{"unit":"px","size":16},"typography_font_family":"Open Sans","typography_line_height":{"unit":"em","size":2.7},"bar_color":"#0fffbe","bar_bg_color":"rgba(255,255,255,0.16)","bar_inline_color":"#000000","percent":{"unit":"%","size":75},"_margin":{"unit":"px","top":"0","right":"0","bottom":"0","left":"0","isLinked":false}},"elements":[],"widgetType":"progress"}],"isInner":false}],"isInner":false}],"data":[{"id":"nghgljk","settings":{"structure":"34"},"elements":[{"id":"ndtomiy","settings":{"_column_size":16,"_inline_size":12.979},"elements":[],"isInner":false,"elType":"column"},{"id":"avbxomv","settings":{"_column_size":66,"_inline_size":74.043},"elements":[{"id":"fdjvujq","settings":{"editor":"<p class=\"lead-text\" style=\"text-align: center;\"><span style=\"color: #95989a;\">Following are some of the elements which you can use in this theme. The theme is compatible is elementor page builder.<\/span><\/p>"},"elements":[],"isInner":false,"widgetType":"text-editor","elType":"widget"},{"id":"vvvgjqe","settings":[],"elements":[],"isInner":false,"widgetType":"spacer","elType":"widget"}],"isInner":false,"elType":"column"},{"id":"sqyysoh","settings":{"_column_size":16,"_inline_size":12.973},"elements":[],"isInner":false,"elType":"column"}],"isInner":false,"elType":"section"},{"id":"jvawdam","settings":{"structure":"30"},"elements":[{"id":"tkbpypd","settings":{"_column_size":33,"_inline_size":null},"elements":[{"id":"bwqmzqn","settings":{"heading":"Basic","sub_heading":"","price":"8","period":"Monthly","features_list":[{"item_text":"10 Pages","item_icon":"","_id":"kjl7wfa","item_icon_color":""},{"item_text":"10 Images","item_icon":"","_id":"kbkdi1k","item_icon_color":""},{"item_text":"10 Folios","item_icon":"","_id":"db0xqby","item_icon_color":""}],"button_text":"Start Trial","footer_additional_info":"","ribbon_title":"Popular","show_ribbon":"","pricing_notes":"Billed annually or $10 month-to-month"},"elements":[],"isInner":false,"widgetType":"price-table","elType":"widget"}],"isInner":false,"elType":"column"},{"id":"glzlfkw","settings":{"_column_size":33,"_inline_size":null},"elements":[{"id":"clyfisa","settings":{"heading":"Studio","sub_heading":"","price":"15","period":"Monthly","features_list":[{"item_text":"10 Pages","item_icon":"","_id":"kjl7wfa","item_icon_color":""},{"item_text":"10 Images","item_icon":"","_id":"kbkdi1k","item_icon_color":""},{"item_text":"10 Folios","item_icon":"","_id":"db0xqby","item_icon_color":""}],"button_text":"Start Trial","footer_additional_info":"","ribbon_title":"Popular","show_ribbon":"","pricing_notes":"Billed annually or $10 month-to-month","is_featured":""},"elements":[],"isInner":false,"widgetType":"price-table","elType":"widget"}],"isInner":false,"elType":"column"},{"id":"vqjlkdb","settings":{"_column_size":33,"_inline_size":null},"elements":[{"id":"ybrqasq","settings":{"heading":"Agency","sub_heading":"","price":"27","period":"Monthly","features_list":[{"item_text":"10 Pages","item_icon":"","_id":"kjl7wfa","item_icon_color":""},{"item_text":"10 Images","item_icon":"","_id":"kbkdi1k","item_icon_color":""},{"item_text":"10 Folios","item_icon":"","_id":"db0xqby","item_icon_color":""}],"button_text":"Start Trial","footer_additional_info":"","ribbon_title":"Popular","show_ribbon":"","pricing_notes":"Billed annually or $10 month-to-month","is_featured":""},"elements":[],"isInner":false,"widgetType":"price-table","elType":"widget"}],"isInner":false,"elType":"column"}],"isInner":false,"elType":"section"},{"id":"kuuaefp","settings":[],"elements":[{"id":"smietkv","settings":{"_column_size":100,"_inline_size":null},"elements":[{"id":"mgkdqub","settings":{"color_horizontal":"rgba(255,255,255,0.17)","gap":{"unit":"px","size":90}},"elements":[],"isInner":false,"widgetType":"custom-divider","elType":"widget"}],"isInner":false,"elType":"column"}],"isInner":false,"elType":"section"},{"id":"hgjjqsx","settings":{"structure":"20"},"elements":[{"id":"jbbnfvg","settings":{"_column_size":50,"_inline_size":null},"elements":[{"id":"sxeiusa","settings":{"tabs":[{"tab_title":"Main","tab_content":"<p>I am tab content. Click edit button to change this text. Lorem ipsum dolor sit amet, consectetur adipiscing elit. Ut elit tellus, luctus nec ullamcorper mattis, pulvinar dapibus leo.<\/p>","_id":"jlho28l"},{"tab_title":"Profile","tab_content":"","_id":"tdaf5sl"},{"tab_title":"Contact","tab_content":"","_id":"glgyczj"}],"border_color":"rgba(255,255,255,0.23)","tab_color":"#ffffff","tab_typography_typography":"custom","tab_typography_font_size":{"unit":"px","size":18},"tab_typography_font_family":"Open Sans","tab_typography_font_weight":"400","content_typography_typography":"custom","content_typography_font_size":{"unit":"px","size":18},"content_typography_font_family":"Open Sans"},"elements":[],"isInner":false,"widgetType":"tabs","elType":"widget"}],"isInner":false,"elType":"column"},{"id":"rybqbis","settings":{"_column_size":50,"_inline_size":null},"elements":[{"id":"ltkodfm","settings":{"tabs":[{"tab_title":"Accordion #1","tab_content":"<p>I am item content. Click edit button to change this text. Lorem ipsum dolor sit amet, consectetur adipiscing elit. Ut elit tellus, luctus nec ullamcorper mattis, pulvinar dapibus leo.<\/p>","_id":"yk2263x"},{"tab_title":"Accordion #2","tab_content":"<p>I am item content. Click edit button to change this text. Lorem ipsum dolor sit amet, consectetur adipiscing elit. Ut elit tellus, luctus nec ullamcorper mattis, pulvinar dapibus leo.<\/p>","_id":"snfu7r9"}],"icon_align":"right","border_color":"rgba(255,255,255,0.15)","title_color":"#ffffff","title_typography_typography":"custom","title_typography_font_size":{"unit":"px","size":18},"title_typography_font_family":"Open Sans","title_typography_font_weight":"400","title_typography_line_height":{"unit":"em","size":1.8},"content_typography_typography":"custom","content_typography_font_family":"Open Sans"},"elements":[],"isInner":false,"widgetType":"accordion","elType":"widget"}],"isInner":false,"elType":"column"}],"isInner":false,"elType":"section"},{"id":"qttylzf","settings":[],"elements":[{"id":"xdjonzs","settings":{"_column_size":100,"_inline_size":null},"elements":[{"id":"tghfeuo","settings":{"color_horizontal":"rgba(255,255,255,0.17)","gap":{"unit":"px","size":90}},"elements":[],"isInner":false,"widgetType":"custom-divider","elType":"widget"}],"isInner":false,"elType":"column"}],"isInner":false,"elType":"section"},{"id":"dcyxqap","settings":{"structure":"20"},"elements":[{"id":"ngtlcyc","settings":{"_column_size":50,"_inline_size":null},"elements":[{"id":"wmfaksi","settings":{"alert_title":"Info Alert","alert_description":"I am description. Click edit button to change this text.","border_left-width":{"unit":"px","size":0},"alert_title_typography":"custom","alert_title_font_size":{"unit":"px","size":16},"alert_title_font_family":"Open Sans","alert_title_font_weight":"600","alert_title_text_transform":"uppercase","alert_title_letter_spacing":{"unit":"px","size":0.3},"alert_description_typography":"custom","alert_description_font_size":{"unit":"px","size":16},"alert_description_font_family":"Open Sans","_padding":{"unit":"px","top":"0","right":"0","bottom":"0","left":"0","isLinked":true},"_border_width":{"unit":"px","top":"1","right":"1","bottom":"1","left":"1","isLinked":true},"_border_color":"#bce8f1","_border_radius":{"unit":"px","top":"5","right":"5","bottom":"5","left":"5","isLinked":true}},"elements":[],"isInner":false,"widgetType":"alert","elType":"widget"}],"isInner":false,"elType":"column"},{"id":"fdbcxww","settings":{"_column_size":50,"_inline_size":null},"elements":[{"id":"vbboikh","settings":{"alert_title":"Warning Alert","alert_description":"I am description. Click edit button to change this text.","border_left-width":{"unit":"px","size":0},"alert_title_typography":"custom","alert_title_font_size":{"unit":"px","size":16},"alert_title_font_family":"Open Sans","alert_title_font_weight":"600","alert_title_text_transform":"uppercase","alert_title_letter_spacing":{"unit":"px","size":0.3},"alert_description_typography":"custom","alert_description_font_size":{"unit":"px","size":16},"alert_description_font_family":"Open Sans","_padding":{"unit":"px","top":"0","right":"0","bottom":"0","left":"0","isLinked":true},"_border_width":{"unit":"px","top":"1","right":"1","bottom":"1","left":"1","isLinked":true},"_border_color":"#bce8f1","_border_radius":{"unit":"px","top":"5","right":"5","bottom":"5","left":"5","isLinked":true},"alert_type":"warning"},"elements":[],"isInner":false,"widgetType":"alert","elType":"widget"}],"isInner":false,"elType":"column"}],"isInner":false,"elType":"section"},{"id":"yoeljsj","settings":{"structure":"20"},"elements":[{"id":"oxmqjlw","settings":{"_column_size":50,"_inline_size":null},"elements":[{"id":"wkvihef","settings":{"alert_title":"Danger Alert","alert_description":"I am description. Click edit button to change this text.","border_left-width":{"unit":"px","size":0},"alert_title_typography":"custom","alert_title_font_size":{"unit":"px","size":16},"alert_title_font_family":"Open Sans","alert_title_font_weight":"600","alert_title_text_transform":"uppercase","alert_title_letter_spacing":{"unit":"px","size":0.3},"alert_description_typography":"custom","alert_description_font_size":{"unit":"px","size":16},"alert_description_font_family":"Open Sans","_padding":{"unit":"px","top":"0","right":"0","bottom":"0","left":"0","isLinked":true},"_border_width":{"unit":"px","top":"1","right":"1","bottom":"1","left":"1","isLinked":true},"_border_color":"#bce8f1","_border_radius":{"unit":"px","top":"5","right":"5","bottom":"5","left":"5","isLinked":true},"alert_type":"danger"},"elements":[],"isInner":false,"widgetType":"alert","elType":"widget"}],"isInner":false,"elType":"column"},{"id":"wrdxtpu","settings":{"_column_size":50,"_inline_size":null},"elements":[{"id":"dyhsyoi","settings":{"alert_title":"Success Alert","alert_description":"I am description. Click edit button to change this text.","border_left-width":{"unit":"px","size":0},"alert_title_typography":"custom","alert_title_font_size":{"unit":"px","size":16},"alert_title_font_family":"Open Sans","alert_title_font_weight":"600","alert_title_text_transform":"uppercase","alert_title_letter_spacing":{"unit":"px","size":0.3},"alert_description_typography":"custom","alert_description_font_size":{"unit":"px","size":16},"alert_description_font_family":"Open Sans","_padding":{"unit":"px","top":"0","right":"0","bottom":"0","left":"0","isLinked":true},"_border_width":{"unit":"px","top":"1","right":"1","bottom":"1","left":"1","isLinked":true},"_border_color":"#bce8f1","_border_radius":{"unit":"px","top":"5","right":"5","bottom":"5","left":"5","isLinked":true},"alert_type":"success"},"elements":[],"isInner":false,"widgetType":"alert","elType":"widget"}],"isInner":false,"elType":"column"}],"isInner":false,"elType":"section"},{"id":"ukpgyrm","settings":[],"elements":[{"id":"vcdfnix","settings":{"_column_size":100,"_inline_size":null},"elements":[{"id":"eklpqyd","settings":{"color_horizontal":"rgba(255,255,255,0.17)","gap":{"unit":"px","size":90}},"elements":[],"isInner":false,"widgetType":"custom-divider","elType":"widget"}],"isInner":false,"elType":"column"}],"isInner":false,"elType":"section"},{"id":"sunpyae","settings":[],"elements":[{"id":"whpwxxd","settings":{"_column_size":100,"_inline_size":null},"elements":[{"id":"mzjword","settings":{"title":"Graphic Design","inner_text":"","title_color":"#ffffff","typography_typography":"custom","typography_font_size":{"unit":"px","size":16},"typography_font_family":"Open Sans","typography_line_height":{"unit":"em","size":2.7},"bar_color":"#0fffbe","bar_bg_color":"rgba(255,255,255,0.16)","bar_inline_color":"#000000","percent":{"unit":"%","size":40},"_margin":{"unit":"px","top":"0","right":"0","bottom":"30","left":"0","isLinked":false}},"elements":[],"isInner":false,"widgetType":"progress","elType":"widget"},{"id":"edpjbuq","settings":{"title":"HTML \/ CSS","inner_text":"","title_color":"#ffffff","typography_typography":"custom","typography_font_size":{"unit":"px","size":16},"typography_font_family":"Open Sans","typography_line_height":{"unit":"em","size":2.7},"bar_color":"#0fffbe","bar_bg_color":"rgba(255,255,255,0.16)","bar_inline_color":"#000000","percent":{"unit":"%","size":85},"_margin":{"unit":"px","top":"0","right":"0","bottom":"30","left":"0","isLinked":false}},"elements":[],"isInner":false,"widgetType":"progress","elType":"widget"},{"id":"jxzload","settings":{"title":"UI Design","inner_text":"","title_color":"#ffffff","typography_typography":"custom","typography_font_size":{"unit":"px","size":16},"typography_font_family":"Open Sans","typography_line_height":{"unit":"em","size":2.7},"bar_color":"#0fffbe","bar_bg_color":"rgba(255,255,255,0.16)","bar_inline_color":"#000000","percent":{"unit":"%","size":60},"_margin":{"unit":"px","top":"0","right":"0","bottom":"30","left":"0","isLinked":false}},"elements":[],"isInner":false,"widgetType":"progress","elType":"widget"},{"id":"prchqsj","settings":{"title":"WordPress","inner_text":"","title_color":"#ffffff","typography_typography":"custom","typography_font_size":{"unit":"px","size":16},"typography_font_family":"Open Sans","typography_line_height":{"unit":"em","size":2.7},"bar_color":"#0fffbe","bar_bg_color":"rgba(255,255,255,0.16)","bar_inline_color":"#000000","percent":{"unit":"%","size":75},"_margin":{"unit":"px","top":"0","right":"0","bottom":"0","left":"0","isLinked":false}},"elements":[],"isInner":false,"widgetType":"progress","elType":"widget"}],"isInner":false,"elType":"column"}],"isInner":false,"elType":"section"}]}