{"version":"0.4","title":"folio-page","type":"page","content":[{"id":"lpgfzta","elType":"section","settings":{"structure":"30"},"elements":[{"id":"friqtaw","elType":"column","settings":{"_column_size":33,"_inline_size":12.512},"elements":[],"isInner":false},{"id":"hkrjnrc","elType":"column","settings":{"_column_size":33,"_inline_size":74.977},"elements":[{"id":"zxviilf","elType":"widget","settings":{"editor":"<p class=\"lead-text\">Whale was seized and sold, and his Grace the Duke of Wellington received the money. Thinking that viewed in some particular lights, the case might by a bare possibility in some small degree<\/p>"},"elements":[],"widgetType":"text-editor"},{"id":"rvtdjmd","elType":"widget","settings":{"orientation":"vertical","color_vertical":"rgba(0,0,0,0.14)","gap":{"unit":"px","size":60}},"elements":[],"widgetType":"custom-divider"},{"id":"wfxjcjl","elType":"widget","settings":{"tabs":[{"meta_label":"Designer","meta_value":"Murat Celik","_id":"hr7pfcu"},{"meta_label":"Photo","meta_value":"Matthieu Belin","_id":"trcw9yt"},{"meta_label":"Date","meta_value":"Nov 2016","_id":"v4lr4jo"}]},"elements":[],"widgetType":"meta-info"}],"isInner":false},{"id":"jhewqoh","elType":"column","settings":{"_column_size":33,"_inline_size":12.507},"elements":[],"isInner":false}],"isInner":false},{"id":"tulumfr","elType":"section","settings":{"structure":"30"},"elements":[{"id":"iqbajpo","elType":"column","settings":{"_column_size":33,"_inline_size":12.512},"elements":[],"isInner":false},{"id":"ejwirzc","elType":"column","settings":{"_column_size":33,"_inline_size":74.977},"elements":[{"id":"fflqjkk","elType":"widget","settings":{"space":{"unit":"px","size":149}},"elements":[],"widgetType":"spacer"},{"id":"dlevpqv","elType":"widget","settings":{"image":{"url":"http:\/\/localhost\/wordpress\/nucleus\/wp-content\/uploads\/sites\/2\/2017\/07\/1-1.jpg","id":291},"caption":"A sample caption goes here."},"elements":[],"widgetType":"image"}],"isInner":false},{"id":"ssgrkoz","elType":"column","settings":{"_column_size":33,"_inline_size":12.507},"elements":[],"isInner":false}],"isInner":false},{"id":"qjrdukm","elType":"section","settings":{"structure":"30"},"elements":[{"id":"sphnese","elType":"column","settings":{"_column_size":33,"_inline_size":12.512},"elements":[],"isInner":false},{"id":"hwrcdku","elType":"column","settings":{"_column_size":33,"_inline_size":74.977},"elements":[{"id":"tqpkjhw","elType":"widget","settings":{"space":{"unit":"px","size":149}},"elements":[],"widgetType":"spacer"},{"id":"izsgrpn","elType":"widget","settings":{"image":{"url":"http:\/\/localhost\/wordpress\/nucleus\/wp-content\/uploads\/sites\/2\/2017\/07\/2.jpg","id":292}},"elements":[],"widgetType":"image"}],"isInner":false},{"id":"srzwbad","elType":"column","settings":{"_column_size":33,"_inline_size":12.507},"elements":[],"isInner":false}],"isInner":false},{"id":"pajphyd","elType":"section","settings":{"structure":"30"},"elements":[{"id":"ldilcmn","elType":"column","settings":{"_column_size":33,"_inline_size":10.084},"elements":[],"isInner":false},{"id":"bavjqyk","elType":"column","settings":{"_column_size":33,"_inline_size":79.645},"elements":[{"id":"qpafmbg","elType":"widget","settings":{"space":{"unit":"px","size":149}},"elements":[],"widgetType":"spacer"},{"id":"ejcpxwj","elType":"section","settings":{"structure":"20"},"elements":[{"id":"ueadhat","elType":"column","settings":{"_column_size":50,"_inline_size":null},"elements":[{"id":"wsnthio","elType":"widget","settings":{"image":{"url":"http:\/\/localhost\/wordpress\/nucleus\/wp-content\/uploads\/sites\/2\/2017\/07\/4.png","id":294},"align":"left"},"elements":[],"widgetType":"image"}],"isInner":true},{"id":"xzobrhq","elType":"column","settings":{"_column_size":50,"_inline_size":null},"elements":[{"id":"afzlvlp","elType":"widget","settings":{"space":{"unit":"px","size":90}},"elements":[],"widgetType":"spacer"},{"id":"tggujna","elType":"widget","settings":{"image":{"url":"http:\/\/localhost\/wordpress\/nucleus\/wp-content\/uploads\/sites\/2\/2017\/07\/5.png","id":295},"align":"right"},"elements":[],"widgetType":"image"}],"isInner":true}],"isInner":true}],"isInner":false},{"id":"whdskvc","elType":"column","settings":{"_column_size":33,"_inline_size":10.267},"elements":[],"isInner":false}],"isInner":false}],"data":[{"id":"lpgfzta","settings":{"structure":"30"},"elements":[{"id":"friqtaw","settings":{"_column_size":33,"_inline_size":12.512},"elements":[],"isInner":false,"elType":"column"},{"id":"hkrjnrc","settings":{"_column_size":33,"_inline_size":74.977},"elements":[{"id":"zxviilf","settings":{"editor":"<p class=\"lead-text\">Whale was seized and sold, and his Grace the Duke of Wellington received the money. Thinking that viewed in some particular lights, the case might by a bare possibility in some small degree<\/p>"},"elements":[],"isInner":false,"widgetType":"text-editor","elType":"widget"},{"id":"rvtdjmd","settings":{"orientation":"vertical","color_vertical":"rgba(0,0,0,0.14)","gap":{"unit":"px","size":60}},"elements":[],"isInner":false,"widgetType":"custom-divider","elType":"widget"},{"id":"wfxjcjl","settings":{"tabs":[{"meta_label":"Designer","meta_value":"Murat Celik","_id":"hr7pfcu"},{"meta_label":"Photo","meta_value":"Matthieu Belin","_id":"trcw9yt"},{"meta_label":"Date","meta_value":"Nov 2016","_id":"v4lr4jo"}]},"elements":[],"isInner":false,"widgetType":"meta-info","elType":"widget"}],"isInner":false,"elType":"column"},{"id":"jhewqoh","settings":{"_column_size":33,"_inline_size":12.507},"elements":[],"isInner":false,"elType":"column"}],"isInner":false,"elType":"section"},{"id":"tulumfr","settings":{"structure":"30"},"elements":[{"id":"iqbajpo","settings":{"_column_size":33,"_inline_size":12.512},"elements":[],"isInner":false,"elType":"column"},{"id":"ejwirzc","settings":{"_column_size":33,"_inline_size":74.977},"elements":[{"id":"fflqjkk","settings":{"space":{"unit":"px","size":149}},"elements":[],"isInner":false,"widgetType":"spacer","elType":"widget"},{"id":"dlevpqv","settings":{"image":{"url":"http:\/\/localhost\/wordpress\/nucleus\/wp-content\/uploads\/sites\/2\/2017\/07\/1-1.jpg","id":291},"caption":"A sample caption goes here."},"elements":[],"isInner":false,"widgetType":"image","elType":"widget"}],"isInner":false,"elType":"column"},{"id":"ssgrkoz","settings":{"_column_size":33,"_inline_size":12.507},"elements":[],"isInner":false,"elType":"column"}],"isInner":false,"elType":"section"},{"id":"qjrdukm","settings":{"structure":"30"},"elements":[{"id":"sphnese","settings":{"_column_size":33,"_inline_size":12.512},"elements":[],"isInner":false,"elType":"column"},{"id":"hwrcdku","settings":{"_column_size":33,"_inline_size":74.977},"elements":[{"id":"tqpkjhw","settings":{"space":{"unit":"px","size":149}},"elements":[],"isInner":false,"widgetType":"spacer","elType":"widget"},{"id":"izsgrpn","settings":{"image":{"url":"http:\/\/localhost\/wordpress\/nucleus\/wp-content\/uploads\/sites\/2\/2017\/07\/2.jpg","id":292}},"elements":[],"isInner":false,"widgetType":"image","elType":"widget"}],"isInner":false,"elType":"column"},{"id":"srzwbad","settings":{"_column_size":33,"_inline_size":12.507},"elements":[],"isInner":false,"elType":"column"}],"isInner":false,"elType":"section"},{"id":"pajphyd","settings":{"structure":"30"},"elements":[{"id":"ldilcmn","settings":{"_column_size":33,"_inline_size":10.084},"elements":[],"isInner":false,"elType":"column"},{"id":"bavjqyk","settings":{"_column_size":33,"_inline_size":79.645},"elements":[{"id":"qpafmbg","settings":{"space":{"unit":"px","size":149}},"elements":[],"isInner":false,"widgetType":"spacer","elType":"widget"},{"id":"ejcpxwj","settings":{"structure":"20"},"elements":[{"id":"ueadhat","settings":{"_column_size":50,"_inline_size":null},"elements":[{"id":"wsnthio","settings":{"image":{"url":"http:\/\/localhost\/wordpress\/nucleus\/wp-content\/uploads\/sites\/2\/2017\/07\/4.png","id":294},"align":"left"},"elements":[],"isInner":false,"widgetType":"image","elType":"widget"}],"isInner":true,"elType":"column"},{"id":"xzobrhq","settings":{"_column_size":50,"_inline_size":null},"elements":[{"id":"afzlvlp","settings":{"space":{"unit":"px","size":90}},"elements":[],"isInner":false,"widgetType":"spacer","elType":"widget"},{"id":"tggujna","settings":{"image":{"url":"http:\/\/localhost\/wordpress\/nucleus\/wp-content\/uploads\/sites\/2\/2017\/07\/5.png","id":295},"align":"right"},"elements":[],"isInner":false,"widgetType":"image","elType":"widget"}],"isInner":true,"elType":"column"}],"isInner":true,"elType":"section"}],"isInner":false,"elType":"column"},{"id":"whdskvc","settings":{"_column_size":33,"_inline_size":10.267},"elements":[],"isInner":false,"elType":"column"}],"isInner":false,"elType":"section"}]}