{"version":"0.4","title":"about-me","type":"page","content":[{"id":"rxmgpyd","elType":"section","settings":{"structure":"34"},"elements":[{"id":"tqehrta","elType":"column","settings":{"_column_size":16,"_inline_size":15.033},"elements":[],"isInner":false},{"id":"glualhp","elType":"column","settings":{"_column_size":66,"_inline_size":69.935},"elements":[{"id":"ggkauix","elType":"widget","settings":{"title":"Introduction","size":"medium","header_size":"h3","title_color":"#a32a2e","typography_typography":"custom","typography_font_size":{"unit":"px","size":16},"typography_font_family":"Open Sans","typography_font_weight":"600","typography_text_transform":"uppercase","typography_letter_spacing":{"unit":"px","size":0.1},"_margin":{"unit":"px","top":"0","right":"0","bottom":"25","left":"0","isLinked":false}},"elements":[],"widgetType":"heading"},{"id":"uksidwx","elType":"widget","settings":{"editor":"<p class=\"lead-text\" style=\"text-align: left;\"><span style=\"color: #95989a;\">I am a self-taught multi-disciplinary designer. This is how society defines my daily work. And yes, this is what I\u2019m doing every day. Contrary to popular belief, Lorem Ipsum is not simply random text.<\/span><\/p>","_margin":{"unit":"px","top":"0","right":"0","bottom":"30","left":"0","isLinked":false}},"elements":[],"widgetType":"text-editor"},{"id":"azsselq","elType":"widget","settings":{"editor":"<p>There are many variations of passages of Lorem Ipsum available, but the majority have suffered alteration in some form, by injected humour, or randomised words which don't look even slightly believable. If you are going to use a passage of Lorem Ipsum, you need to be sure there isn't anything embarrassing hidden in the middle of text.<\/p>","text_color":"#95989a","typography_typography":"custom","typography_font_size":{"unit":"px","size":18},"typography_font_family":"Open Sans"},"elements":[],"widgetType":"text-editor"},{"id":"ptzrakj","elType":"widget","settings":{"color_horizontal":"#151516","gap":{"unit":"px","size":75}},"elements":[],"widgetType":"custom-divider"}],"isInner":false},{"id":"gwvmgee","elType":"column","settings":{"_column_size":16,"_inline_size":15.027},"elements":[],"isInner":false}],"isInner":false},{"id":"xowhazx","elType":"section","settings":{"structure":"34"},"elements":[{"id":"szamxdx","elType":"column","settings":{"_column_size":16,"_inline_size":15.033},"elements":[],"isInner":false},{"id":"jqhjeov","elType":"column","settings":{"_column_size":66,"_inline_size":69.935},"elements":[{"id":"sypxmyg","elType":"widget","settings":{"title":"Skills & Services","size":"medium","header_size":"h3","title_color":"#5472d2","typography_typography":"custom","typography_font_size":{"unit":"px","size":16},"typography_font_family":"Open Sans","typography_font_weight":"600","typography_text_transform":"uppercase","typography_letter_spacing":{"unit":"px","size":0.1},"_margin":{"unit":"px","top":"0","right":"0","bottom":"50","left":"0","isLinked":false}},"elements":[],"widgetType":"heading"},{"id":"jqhcezt","elType":"section","settings":{"gap":"no","structure":"20"},"elements":[{"id":"bplytsz","elType":"column","settings":{"_column_size":50,"_inline_size":55.007},"elements":[{"id":"yfnpfrb","elType":"widget","settings":{"editor":"<p>- Digital Consulation<\/p><p>- User Experience<\/p><p>- Content Strategy<\/p><p>- Information Architeture<\/p><p>- Market &amp; Design Research<\/p>","text_color":"#95989a","typography_typography":"custom","typography_font_size":{"unit":"px","size":18},"typography_font_family":"Open Sans","typography_line_height":{"unit":"em","size":0.4}},"elements":[],"widgetType":"text-editor"}],"isInner":true},{"id":"fwtbxnk","elType":"column","settings":{"_column_size":50,"_inline_size":44.993},"elements":[{"id":"vcjufts","elType":"widget","settings":{"editor":"<p>- Brand Communication<\/p><p>- Application Interfaces<\/p><p>- Mobile Websites &amp; Apps<\/p><p>- Corporate Websites<\/p>","text_color":"#95989a","typography_typography":"custom","typography_font_size":{"unit":"px","size":18},"typography_font_family":"Open Sans","typography_line_height":{"unit":"em","size":0.4}},"elements":[],"widgetType":"text-editor"}],"isInner":true}],"isInner":true},{"id":"ywlblyh","elType":"widget","settings":{"color_horizontal":"#151516","gap":{"unit":"px","size":45}},"elements":[],"widgetType":"custom-divider"}],"isInner":false},{"id":"krihcxj","elType":"column","settings":{"_column_size":16,"_inline_size":15.027},"elements":[],"isInner":false}],"isInner":false},{"id":"rvrizsn","elType":"section","settings":{"structure":"34"},"elements":[{"id":"eyplnse","elType":"column","settings":{"_column_size":16,"_inline_size":15.033},"elements":[],"isInner":false},{"id":"hxsuyvk","elType":"column","settings":{"_column_size":66,"_inline_size":69.935},"elements":[{"id":"nzbdwvo","elType":"widget","settings":{"title":"Clients","size":"medium","header_size":"h3","title_color":"#72d098","typography_typography":"custom","typography_font_size":{"unit":"px","size":16},"typography_font_family":"Open Sans","typography_font_weight":"600","typography_text_transform":"uppercase","typography_letter_spacing":{"unit":"px","size":0.1},"_margin":{"unit":"px","top":"0","right":"0","bottom":"50","left":"0","isLinked":false}},"elements":[],"widgetType":"heading"},{"id":"nneuyse","elType":"widget","settings":{"wp_gallery":[{"id":133,"url":"http:\/\/localhost\/wordpress\/nucleus\/wp-content\/uploads\/sites\/2\/2017\/07\/ted-logo.png"},{"id":132,"url":"http:\/\/localhost\/wordpress\/nucleus\/wp-content\/uploads\/sites\/2\/2017\/07\/mastercard-logo.png"},{"id":134,"url":"http:\/\/localhost\/wordpress\/nucleus\/wp-content\/uploads\/sites\/2\/2017\/07\/uber-logo.png"},{"id":131,"url":"http:\/\/localhost\/wordpress\/nucleus\/wp-content\/uploads\/sites\/2\/2017\/07\/basecamp-logo.png"},{"id":130,"url":"http:\/\/localhost\/wordpress\/nucleus\/wp-content\/uploads\/sites\/2\/2017\/07\/airbnb-logo.png"}],"_css_classes":"clients-grid"},"elements":[],"widgetType":"image-gallery"},{"id":"jotrnal","elType":"widget","settings":{"color_horizontal":"#151516","gap":{"unit":"px","size":45}},"elements":[],"widgetType":"custom-divider"}],"isInner":false},{"id":"llazwsh","elType":"column","settings":{"_column_size":16,"_inline_size":15.027},"elements":[],"isInner":false}],"isInner":false},{"id":"guhlgkv","elType":"section","settings":{"structure":"34"},"elements":[{"id":"iotrjhm","elType":"column","settings":{"_column_size":16,"_inline_size":15.033},"elements":[],"isInner":false},{"id":"uogwwer","elType":"column","settings":{"_column_size":66,"_inline_size":69.935},"elements":[{"id":"zogzxsc","elType":"widget","settings":{"title":"Twitter","size":"medium","header_size":"h3","title_color":"#5472d2","typography_typography":"custom","typography_font_size":{"unit":"px","size":16},"typography_font_family":"Open Sans","typography_font_weight":"600","typography_text_transform":"uppercase","typography_letter_spacing":{"unit":"px","size":0.1},"_margin":{"unit":"px","top":"0","right":"0","bottom":"50","left":"0","isLinked":false}},"elements":[],"widgetType":"heading"},{"id":"wepvktx","elType":"widget","settings":{"address":"default address"},"elements":[],"widgetType":"twitter-module"}],"isInner":false},{"id":"ppqnaci","elType":"column","settings":{"_column_size":16,"_inline_size":15.027},"elements":[],"isInner":false}],"isInner":false}],"data":[{"id":"rxmgpyd","settings":{"structure":"34"},"elements":[{"id":"tqehrta","settings":{"_column_size":16,"_inline_size":15.033},"elements":[],"isInner":false,"elType":"column"},{"id":"glualhp","settings":{"_column_size":66,"_inline_size":69.935},"elements":[{"id":"ggkauix","settings":{"title":"Introduction","size":"medium","header_size":"h3","title_color":"#a32a2e","typography_typography":"custom","typography_font_size":{"unit":"px","size":16},"typography_font_family":"Open Sans","typography_font_weight":"600","typography_text_transform":"uppercase","typography_letter_spacing":{"unit":"px","size":0.1},"_margin":{"unit":"px","top":"0","right":"0","bottom":"25","left":"0","isLinked":false}},"elements":[],"isInner":false,"widgetType":"heading","elType":"widget"},{"id":"uksidwx","settings":{"editor":"<p class=\"lead-text\" style=\"text-align: left;\"><span style=\"color: #95989a;\">I am a self-taught multi-disciplinary designer. This is how society defines my daily work. And yes, this is what I\u2019m doing every day. Contrary to popular belief, Lorem Ipsum is not simply random text.<\/span><\/p>","_margin":{"unit":"px","top":"0","right":"0","bottom":"30","left":"0","isLinked":false}},"elements":[],"isInner":false,"widgetType":"text-editor","elType":"widget"},{"id":"azsselq","settings":{"editor":"<p>There are many variations of passages of Lorem Ipsum available, but the majority have suffered alteration in some form, by injected humour, or randomised words which don't look even slightly believable. If you are going to use a passage of Lorem Ipsum, you need to be sure there isn't anything embarrassing hidden in the middle of text.<\/p>","text_color":"#95989a","typography_typography":"custom","typography_font_size":{"unit":"px","size":18},"typography_font_family":"Open Sans"},"elements":[],"isInner":false,"widgetType":"text-editor","elType":"widget"},{"id":"ptzrakj","settings":{"color_horizontal":"#151516","gap":{"unit":"px","size":75}},"elements":[],"isInner":false,"widgetType":"custom-divider","elType":"widget"}],"isInner":false,"elType":"column"},{"id":"gwvmgee","settings":{"_column_size":16,"_inline_size":15.027},"elements":[],"isInner":false,"elType":"column"}],"isInner":false,"elType":"section"},{"id":"xowhazx","settings":{"structure":"34"},"elements":[{"id":"szamxdx","settings":{"_column_size":16,"_inline_size":15.033},"elements":[],"isInner":false,"elType":"column"},{"id":"jqhjeov","settings":{"_column_size":66,"_inline_size":69.935},"elements":[{"id":"sypxmyg","settings":{"title":"Skills & Services","size":"medium","header_size":"h3","title_color":"#5472d2","typography_typography":"custom","typography_font_size":{"unit":"px","size":16},"typography_font_family":"Open Sans","typography_font_weight":"600","typography_text_transform":"uppercase","typography_letter_spacing":{"unit":"px","size":0.1},"_margin":{"unit":"px","top":"0","right":"0","bottom":"50","left":"0","isLinked":false}},"elements":[],"isInner":false,"widgetType":"heading","elType":"widget"},{"id":"jqhcezt","settings":{"gap":"no","structure":"20"},"elements":[{"id":"bplytsz","settings":{"_column_size":50,"_inline_size":55.007},"elements":[{"id":"yfnpfrb","settings":{"editor":"<p>- Digital Consulation<\/p><p>- User Experience<\/p><p>- Content Strategy<\/p><p>- Information Architeture<\/p><p>- Market &amp; Design Research<\/p>","text_color":"#95989a","typography_typography":"custom","typography_font_size":{"unit":"px","size":18},"typography_font_family":"Open Sans","typography_line_height":{"unit":"em","size":0.4}},"elements":[],"isInner":false,"widgetType":"text-editor","elType":"widget"}],"isInner":true,"elType":"column"},{"id":"fwtbxnk","settings":{"_column_size":50,"_inline_size":44.993},"elements":[{"id":"vcjufts","settings":{"editor":"<p>- Brand Communication<\/p><p>- Application Interfaces<\/p><p>- Mobile Websites &amp; Apps<\/p><p>- Corporate Websites<\/p>","text_color":"#95989a","typography_typography":"custom","typography_font_size":{"unit":"px","size":18},"typography_font_family":"Open Sans","typography_line_height":{"unit":"em","size":0.4}},"elements":[],"isInner":false,"widgetType":"text-editor","elType":"widget"}],"isInner":true,"elType":"column"}],"isInner":true,"elType":"section"},{"id":"ywlblyh","settings":{"color_horizontal":"#151516","gap":{"unit":"px","size":45}},"elements":[],"isInner":false,"widgetType":"custom-divider","elType":"widget"}],"isInner":false,"elType":"column"},{"id":"krihcxj","settings":{"_column_size":16,"_inline_size":15.027},"elements":[],"isInner":false,"elType":"column"}],"isInner":false,"elType":"section"},{"id":"rvrizsn","settings":{"structure":"34"},"elements":[{"id":"eyplnse","settings":{"_column_size":16,"_inline_size":15.033},"elements":[],"isInner":false,"elType":"column"},{"id":"hxsuyvk","settings":{"_column_size":66,"_inline_size":69.935},"elements":[{"id":"nzbdwvo","settings":{"title":"Clients","size":"medium","header_size":"h3","title_color":"#72d098","typography_typography":"custom","typography_font_size":{"unit":"px","size":16},"typography_font_family":"Open Sans","typography_font_weight":"600","typography_text_transform":"uppercase","typography_letter_spacing":{"unit":"px","size":0.1},"_margin":{"unit":"px","top":"0","right":"0","bottom":"50","left":"0","isLinked":false}},"elements":[],"isInner":false,"widgetType":"heading","elType":"widget"},{"id":"nneuyse","settings":{"wp_gallery":[{"id":133,"url":"http:\/\/localhost\/wordpress\/nucleus\/wp-content\/uploads\/sites\/2\/2017\/07\/ted-logo.png"},{"id":132,"url":"http:\/\/localhost\/wordpress\/nucleus\/wp-content\/uploads\/sites\/2\/2017\/07\/mastercard-logo.png"},{"id":134,"url":"http:\/\/localhost\/wordpress\/nucleus\/wp-content\/uploads\/sites\/2\/2017\/07\/uber-logo.png"},{"id":131,"url":"http:\/\/localhost\/wordpress\/nucleus\/wp-content\/uploads\/sites\/2\/2017\/07\/basecamp-logo.png"},{"id":130,"url":"http:\/\/localhost\/wordpress\/nucleus\/wp-content\/uploads\/sites\/2\/2017\/07\/airbnb-logo.png"}],"_css_classes":"clients-grid"},"elements":[],"isInner":false,"widgetType":"image-gallery","elType":"widget"},{"id":"jotrnal","settings":{"color_horizontal":"#151516","gap":{"unit":"px","size":45}},"elements":[],"isInner":false,"widgetType":"custom-divider","elType":"widget"}],"isInner":false,"elType":"column"},{"id":"llazwsh","settings":{"_column_size":16,"_inline_size":15.027},"elements":[],"isInner":false,"elType":"column"}],"isInner":false,"elType":"section"},{"id":"guhlgkv","settings":{"structure":"34"},"elements":[{"id":"iotrjhm","settings":{"_column_size":16,"_inline_size":15.033},"elements":[],"isInner":false,"elType":"column"},{"id":"uogwwer","settings":{"_column_size":66,"_inline_size":69.935},"elements":[{"id":"zogzxsc","settings":{"title":"Twitter","size":"medium","header_size":"h3","title_color":"#5472d2","typography_typography":"custom","typography_font_size":{"unit":"px","size":16},"typography_font_family":"Open Sans","typography_font_weight":"600","typography_text_transform":"uppercase","typography_letter_spacing":{"unit":"px","size":0.1},"_margin":{"unit":"px","top":"0","right":"0","bottom":"50","left":"0","isLinked":false}},"elements":[],"isInner":false,"widgetType":"heading","elType":"widget"},{"id":"wepvktx","settings":{"address":"default address"},"elements":[],"isInner":false,"widgetType":"twitter-module","elType":"widget"}],"isInner":false,"elType":"column"},{"id":"ppqnaci","settings":{"_column_size":16,"_inline_size":15.027},"elements":[],"isInner":false,"elType":"column"}],"isInner":false,"elType":"section"}]}