{"version":"0.4","title":"contact-form","type":"page","content":[{"id":"mezrpac","elType":"section","settings":{"structure":"34"},"elements":[{"id":"saukiuf","elType":"column","settings":{"_column_size":16,"_inline_size":12.979},"elements":[],"isInner":false},{"id":"yowarja","elType":"column","settings":{"_column_size":66,"_inline_size":74.043},"elements":[{"id":"emnveqx","elType":"widget","settings":{"editor":"<p class=\"lead-text\" style=\"text-align: center;\"><span style=\"color: #95989a;\">Should you ever have a question, please don\u2019t hesitate to send a message or reach out on our social media. We would love to hear from you!<\/span><\/p>"},"elements":[],"widgetType":"text-editor"},{"id":"pdumbex","elType":"widget","settings":{"title":"See Details","link":{"url":"#trigger-notification","is_external":"","nofollow":""},"header_size":"h3","align":"center","title_color":"#e6aa4c","typography_typography":"custom","typography_font_size":{"unit":"px","size":16},"typography_font_family":"Open Sans","typography_font_weight":"600","typography_text_transform":"uppercase","typography_letter_spacing":{"unit":"px","size":0.1}},"elements":[],"widgetType":"heading"},{"id":"xuanqbk","elType":"widget","settings":{"orientation":"vertical","color_vertical":"#151516"},"elements":[],"widgetType":"custom-divider"}],"isInner":false},{"id":"tlrjgww","elType":"column","settings":{"_column_size":16,"_inline_size":12.973},"elements":[],"isInner":false}],"isInner":false},{"id":"alqxeyf","elType":"section","settings":{"structure":"34"},"elements":[{"id":"gmflyhb","elType":"column","settings":{"_column_size":16,"_inline_size":12.979},"elements":[],"isInner":false},{"id":"uvijuvc","elType":"column","settings":{"_column_size":66,"_inline_size":74.043},"elements":[{"id":"jzplfly","elType":"widget","settings":{"shortcode":"[contact-form-7 id=\"4\" title=\"Contact Form\"]"},"elements":[],"widgetType":"shortcode"}],"isInner":false},{"id":"kklxwat","elType":"column","settings":{"_column_size":16,"_inline_size":12.973},"elements":[],"isInner":false}],"isInner":false}],"data":[{"id":"mezrpac","settings":{"structure":"34"},"elements":[{"id":"saukiuf","settings":{"_column_size":16,"_inline_size":12.979},"elements":[],"isInner":false,"elType":"column"},{"id":"yowarja","settings":{"_column_size":66,"_inline_size":74.043},"elements":[{"id":"emnveqx","settings":{"editor":"<p class=\"lead-text\" style=\"text-align: center;\"><span style=\"color: #95989a;\">Should you ever have a question, please don\u2019t hesitate to send a message or reach out on our social media. We would love to hear from you!<\/span><\/p>"},"elements":[],"isInner":false,"widgetType":"text-editor","elType":"widget"},{"id":"pdumbex","settings":{"title":"See Details","link":{"url":"#trigger-notification","is_external":"","nofollow":""},"header_size":"h3","align":"center","title_color":"#e6aa4c","typography_typography":"custom","typography_font_size":{"unit":"px","size":16},"typography_font_family":"Open Sans","typography_font_weight":"600","typography_text_transform":"uppercase","typography_letter_spacing":{"unit":"px","size":0.1}},"elements":[],"isInner":false,"widgetType":"heading","elType":"widget"},{"id":"xuanqbk","settings":{"orientation":"vertical","color_vertical":"#151516"},"elements":[],"isInner":false,"widgetType":"custom-divider","elType":"widget"}],"isInner":false,"elType":"column"},{"id":"tlrjgww","settings":{"_column_size":16,"_inline_size":12.973},"elements":[],"isInner":false,"elType":"column"}],"isInner":false,"elType":"section"},{"id":"alqxeyf","settings":{"structure":"34"},"elements":[{"id":"gmflyhb","settings":{"_column_size":16,"_inline_size":12.979},"elements":[],"isInner":false,"elType":"column"},{"id":"uvijuvc","settings":{"_column_size":66,"_inline_size":74.043},"elements":[{"id":"jzplfly","settings":{"shortcode":"[contact-form-7 id=\"4\" title=\"Contact Form\"]"},"elements":[],"isInner":false,"widgetType":"shortcode","elType":"widget"}],"isInner":false,"elType":"column"},{"id":"kklxwat","settings":{"_column_size":16,"_inline_size":12.973},"elements":[],"isInner":false,"elType":"column"}],"isInner":false,"elType":"section"}]}