{"version":"0.4","title":"contact-simple","type":"page","content":[{"id":"wgllcid","elType":"section","settings":{"structure":"34"},"elements":[{"id":"pdsxawf","elType":"column","settings":{"_column_size":16,"_inline_size":12.045},"elements":[],"isInner":false},{"id":"vmoxdog","elType":"column","settings":{"_column_size":66,"_inline_size":75.91},"elements":[{"id":"ihinkcm","elType":"widget","settings":{"editor":"<p class=\"lead-text\" style=\"text-align: center;\"><span style=\"color: #95989a;\">Should you ever have a question, please don\u2019t hesitate to send a message or reach out on our social media. We would love to hear from you!<\/span><\/p>"},"elements":[],"widgetType":"text-editor"},{"id":"slnijxt","elType":"widget","settings":{"orientation":"vertical","color_vertical":"rgba(122,143,134,0.38)"},"elements":[],"widgetType":"custom-divider"}],"isInner":false},{"id":"uegfjlc","elType":"column","settings":{"_column_size":16,"_inline_size":12.04},"elements":[],"isInner":false}],"isInner":false},{"id":"abwzzzk","elType":"section","settings":{"structure":"34"},"elements":[{"id":"xagvmcs","elType":"column","settings":{"_column_size":16,"_inline_size":21.475},"elements":[],"isInner":false},{"id":"ahulgxz","elType":"column","settings":{"_column_size":66,"_inline_size":61.251},"elements":[{"id":"navglmp","elType":"section","settings":{"structure":"20"},"elements":[{"id":"grmatvh","elType":"column","settings":{"_column_size":50,"_inline_size":62.519},"elements":[{"id":"demaoop","elType":"widget","settings":{"image":{"url":"http:\/\/localhost\/wordpress\/nucleus\/wp-content\/uploads\/sites\/2\/2017\/07\/placeholder-1.png","id":276},"image_size":"custom","image_custom_dimension":{"width":"47","height":"47"},"align":"left","_margin":{"unit":"px","top":"0","right":"0","bottom":"40","left":"0","isLinked":false}},"elements":[],"widgetType":"image"},{"id":"huerpjk","elType":"widget","settings":{"title":"Location","size":"medium","header_size":"h4","title_color":"#ffffff","typography_typography":"custom","typography_font_size":{"unit":"px","size":16},"typography_font_family":"Open Sans","typography_font_weight":"600","typography_text_transform":"uppercase","typography_letter_spacing":{"unit":"px","size":0.1}},"elements":[],"widgetType":"heading"},{"id":"fswtjxi","elType":"widget","settings":{"editor":"<p>121 4th Avenue, 2020 New York, N.Y.<\/p>"},"elements":[],"widgetType":"text-editor"},{"id":"unlgrad","elType":"widget","settings":{"space":{"unit":"px","size":35}},"elements":[],"widgetType":"spacer"},{"id":"sthicdx","elType":"widget","settings":{"image":{"url":"http:\/\/localhost\/wordpress\/nucleus\/wp-content\/uploads\/sites\/2\/2017\/07\/smartphone.png","id":273},"image_size":"full","image_custom_dimension":{"width":"30","height":"46"},"align":"left","_margin":{"unit":"px","top":"0","right":"0","bottom":"40","left":"0","isLinked":false}},"elements":[],"widgetType":"image"},{"id":"knhokgi","elType":"widget","settings":{"title":"Phone Number","size":"medium","header_size":"h4","title_color":"#ffffff","typography_typography":"custom","typography_font_size":{"unit":"px","size":16},"typography_font_family":"Open Sans","typography_font_weight":"600","typography_text_transform":"uppercase","typography_letter_spacing":{"unit":"px","size":0.1}},"elements":[],"widgetType":"heading"},{"id":"ibaunvd","elType":"widget","settings":{"editor":"<p>+92 300 4999419<\/p>"},"elements":[],"widgetType":"text-editor"}],"isInner":true},{"id":"qovuvju","elType":"column","settings":{"_column_size":50,"_inline_size":37.481},"elements":[{"id":"oxubejv","elType":"widget","settings":{"image":{"url":"http:\/\/localhost\/wordpress\/nucleus\/wp-content\/uploads\/sites\/2\/2017\/07\/mail.png","id":272},"image_size":"full","image_custom_dimension":{"width":"30","height":"46"},"align":"left","_margin":{"unit":"px","top":"0","right":"0","bottom":"40","left":"0","isLinked":false}},"elements":[],"widgetType":"image"},{"id":"qnhaxwr","elType":"widget","settings":{"title":"Information","size":"medium","header_size":"h4","title_color":"#ffffff","typography_typography":"custom","typography_font_size":{"unit":"px","size":16},"typography_font_family":"Open Sans","typography_font_weight":"600","typography_text_transform":"uppercase","typography_letter_spacing":{"unit":"px","size":0.1}},"elements":[],"widgetType":"heading"},{"id":"syurkyy","elType":"widget","settings":{"editor":"<p>info@wpscouts.net<\/p>"},"elements":[],"widgetType":"text-editor"},{"id":"xvdnmjf","elType":"widget","settings":{"space":{"unit":"px","size":10}},"elements":[],"widgetType":"spacer"},{"id":"rgescqd","elType":"widget","settings":{"title":"Support","size":"medium","header_size":"h4","title_color":"#ffffff","typography_typography":"custom","typography_font_size":{"unit":"px","size":16},"typography_font_family":"Open Sans","typography_font_weight":"600","typography_text_transform":"uppercase","typography_letter_spacing":{"unit":"px","size":0.1}},"elements":[],"widgetType":"heading"},{"id":"utezzoa","elType":"widget","settings":{"editor":"<p>support@wpscouts.net<\/p>"},"elements":[],"widgetType":"text-editor"},{"id":"ytyirvc","elType":"widget","settings":{"space":{"unit":"px","size":10}},"elements":[],"widgetType":"spacer"},{"id":"pwtehpx","elType":"widget","settings":{"title":"Sales","size":"medium","header_size":"h4","title_color":"#ffffff","typography_typography":"custom","typography_font_size":{"unit":"px","size":16},"typography_font_family":"Open Sans","typography_font_weight":"600","typography_text_transform":"uppercase","typography_letter_spacing":{"unit":"px","size":0.1}},"elements":[],"widgetType":"heading"},{"id":"tmrujpg","elType":"widget","settings":{"editor":"<p>sales@wpscouts.net<\/p>"},"elements":[],"widgetType":"text-editor"}],"isInner":true}],"isInner":true}],"isInner":false},{"id":"znawgda","elType":"column","settings":{"_column_size":16,"_inline_size":17.269},"elements":[],"isInner":false}],"isInner":false}],"data":[{"id":"wgllcid","settings":{"structure":"34"},"elements":[{"id":"pdsxawf","settings":{"_column_size":16,"_inline_size":12.045},"elements":[],"isInner":false,"elType":"column"},{"id":"vmoxdog","settings":{"_column_size":66,"_inline_size":75.91},"elements":[{"id":"ihinkcm","settings":{"editor":"<p class=\"lead-text\" style=\"text-align: center;\"><span style=\"color: #95989a;\">Should you ever have a question, please don\u2019t hesitate to send a message or reach out on our social media. We would love to hear from you!<\/span><\/p>"},"elements":[],"isInner":false,"widgetType":"text-editor","elType":"widget"},{"id":"slnijxt","settings":{"orientation":"vertical","color_vertical":"rgba(122,143,134,0.38)"},"elements":[],"isInner":false,"widgetType":"custom-divider","elType":"widget"}],"isInner":false,"elType":"column"},{"id":"uegfjlc","settings":{"_column_size":16,"_inline_size":12.04},"elements":[],"isInner":false,"elType":"column"}],"isInner":false,"elType":"section"},{"id":"abwzzzk","settings":{"structure":"34"},"elements":[{"id":"xagvmcs","settings":{"_column_size":16,"_inline_size":21.475},"elements":[],"isInner":false,"elType":"column"},{"id":"ahulgxz","settings":{"_column_size":66,"_inline_size":61.251},"elements":[{"id":"navglmp","settings":{"structure":"20"},"elements":[{"id":"grmatvh","settings":{"_column_size":50,"_inline_size":62.519},"elements":[{"id":"demaoop","settings":{"image":{"url":"http:\/\/localhost\/wordpress\/nucleus\/wp-content\/uploads\/sites\/2\/2017\/07\/placeholder-1.png","id":276},"image_size":"custom","image_custom_dimension":{"width":"47","height":"47"},"align":"left","_margin":{"unit":"px","top":"0","right":"0","bottom":"40","left":"0","isLinked":false}},"elements":[],"isInner":false,"widgetType":"image","elType":"widget"},{"id":"huerpjk","settings":{"title":"Location","size":"medium","header_size":"h4","title_color":"#ffffff","typography_typography":"custom","typography_font_size":{"unit":"px","size":16},"typography_font_family":"Open Sans","typography_font_weight":"600","typography_text_transform":"uppercase","typography_letter_spacing":{"unit":"px","size":0.1}},"elements":[],"isInner":false,"widgetType":"heading","elType":"widget"},{"id":"fswtjxi","settings":{"editor":"<p>121 4th Avenue, 2020 New York, N.Y.<\/p>"},"elements":[],"isInner":false,"widgetType":"text-editor","elType":"widget"},{"id":"unlgrad","settings":{"space":{"unit":"px","size":35}},"elements":[],"isInner":false,"widgetType":"spacer","elType":"widget"},{"id":"sthicdx","settings":{"image":{"url":"http:\/\/localhost\/wordpress\/nucleus\/wp-content\/uploads\/sites\/2\/2017\/07\/smartphone.png","id":273},"image_size":"full","image_custom_dimension":{"width":"30","height":"46"},"align":"left","_margin":{"unit":"px","top":"0","right":"0","bottom":"40","left":"0","isLinked":false}},"elements":[],"isInner":false,"widgetType":"image","elType":"widget"},{"id":"knhokgi","settings":{"title":"Phone Number","size":"medium","header_size":"h4","title_color":"#ffffff","typography_typography":"custom","typography_font_size":{"unit":"px","size":16},"typography_font_family":"Open Sans","typography_font_weight":"600","typography_text_transform":"uppercase","typography_letter_spacing":{"unit":"px","size":0.1}},"elements":[],"isInner":false,"widgetType":"heading","elType":"widget"},{"id":"ibaunvd","settings":{"editor":"<p>+92 300 4999419<\/p>"},"elements":[],"isInner":false,"widgetType":"text-editor","elType":"widget"}],"isInner":true,"elType":"column"},{"id":"qovuvju","settings":{"_column_size":50,"_inline_size":37.481},"elements":[{"id":"oxubejv","settings":{"image":{"url":"http:\/\/localhost\/wordpress\/nucleus\/wp-content\/uploads\/sites\/2\/2017\/07\/mail.png","id":272},"image_size":"full","image_custom_dimension":{"width":"30","height":"46"},"align":"left","_margin":{"unit":"px","top":"0","right":"0","bottom":"40","left":"0","isLinked":false}},"elements":[],"isInner":false,"widgetType":"image","elType":"widget"},{"id":"qnhaxwr","settings":{"title":"Information","size":"medium","header_size":"h4","title_color":"#ffffff","typography_typography":"custom","typography_font_size":{"unit":"px","size":16},"typography_font_family":"Open Sans","typography_font_weight":"600","typography_text_transform":"uppercase","typography_letter_spacing":{"unit":"px","size":0.1}},"elements":[],"isInner":false,"widgetType":"heading","elType":"widget"},{"id":"syurkyy","settings":{"editor":"<p>info@wpscouts.net<\/p>"},"elements":[],"isInner":false,"widgetType":"text-editor","elType":"widget"},{"id":"xvdnmjf","settings":{"space":{"unit":"px","size":10}},"elements":[],"isInner":false,"widgetType":"spacer","elType":"widget"},{"id":"rgescqd","settings":{"title":"Support","size":"medium","header_size":"h4","title_color":"#ffffff","typography_typography":"custom","typography_font_size":{"unit":"px","size":16},"typography_font_family":"Open Sans","typography_font_weight":"600","typography_text_transform":"uppercase","typography_letter_spacing":{"unit":"px","size":0.1}},"elements":[],"isInner":false,"widgetType":"heading","elType":"widget"},{"id":"utezzoa","settings":{"editor":"<p>support@wpscouts.net<\/p>"},"elements":[],"isInner":false,"widgetType":"text-editor","elType":"widget"},{"id":"ytyirvc","settings":{"space":{"unit":"px","size":10}},"elements":[],"isInner":false,"widgetType":"spacer","elType":"widget"},{"id":"pwtehpx","settings":{"title":"Sales","size":"medium","header_size":"h4","title_color":"#ffffff","typography_typography":"custom","typography_font_size":{"unit":"px","size":16},"typography_font_family":"Open Sans","typography_font_weight":"600","typography_text_transform":"uppercase","typography_letter_spacing":{"unit":"px","size":0.1}},"elements":[],"isInner":false,"widgetType":"heading","elType":"widget"},{"id":"tmrujpg","settings":{"editor":"<p>sales@wpscouts.net<\/p>"},"elements":[],"isInner":false,"widgetType":"text-editor","elType":"widget"}],"isInner":true,"elType":"column"}],"isInner":true,"elType":"section"}],"isInner":false,"elType":"column"},{"id":"znawgda","settings":{"_column_size":16,"_inline_size":17.269},"elements":[],"isInner":false,"elType":"column"}],"isInner":false,"elType":"section"}]}