{"version":"0.4","title":"ui-elements","type":"page","content":[{"id":"zrucxaf","elType":"section","settings":{"structure":"34"},"elements":[{"id":"auphmlj","elType":"column","settings":{"_column_size":16,"_inline_size":12.979},"elements":[],"isInner":false},{"id":"xwhiyzj","elType":"column","settings":{"_column_size":66,"_inline_size":74.043},"elements":[{"id":"mqlatbi","elType":"widget","settings":{"editor":"<p class=\"lead-text\" style=\"text-align: center;\"><span style=\"color: #95989a;\">Following are some of the elements which you can use in this theme. The theme is compatible is elementor page builder.<\/span><\/p>"},"elements":[],"widgetType":"text-editor"},{"id":"pzamoio","elType":"widget","settings":{"orientation":"vertical","color_vertical":"#151516"},"elements":[],"widgetType":"custom-divider"}],"isInner":false},{"id":"wbgunxl","elType":"column","settings":{"_column_size":16,"_inline_size":12.973},"elements":[],"isInner":false}],"isInner":false},{"id":"odhtilr","elType":"section","settings":{"structure":"20"},"elements":[{"id":"tswkagp","elType":"column","settings":{"_column_size":50,"_inline_size":null},"elements":[{"id":"akjsvpt","elType":"widget","settings":{"tabs":[{"tab_title":"Main","tab_content":"<p>I am tab content. Click edit button to change this text. Lorem ipsum dolor sit amet, consectetur adipiscing elit. Ut elit tellus, luctus nec ullamcorper mattis, pulvinar dapibus leo.<\/p>","_id":"jlho28l"},{"tab_title":"Profile","tab_content":"","_id":"tdaf5sl"},{"tab_title":"Contact","tab_content":"","_id":"glgyczj"}],"border_color":"rgba(255,255,255,0.23)","tab_color":"#ffffff","tab_typography_typography":"custom","tab_typography_font_size":{"unit":"px","size":18},"tab_typography_font_family":"Open Sans","tab_typography_font_weight":"400","content_typography_typography":"custom","content_typography_font_size":{"unit":"px","size":18},"content_typography_font_family":"Open Sans"},"elements":[],"widgetType":"tabs"}],"isInner":false},{"id":"hahldvg","elType":"column","settings":{"_column_size":50,"_inline_size":null},"elements":[{"id":"ldmiqyz","elType":"widget","settings":{"tabs":[{"tab_title":"Accordion #1","tab_content":"<p>I am item content. Click edit button to change this text. Lorem ipsum dolor sit amet, consectetur adipiscing elit. Ut elit tellus, luctus nec ullamcorper mattis, pulvinar dapibus leo.<\/p>","_id":"yk2263x"},{"tab_title":"Accordion #2","tab_content":"<p>I am item content. Click edit button to change this text. Lorem ipsum dolor sit amet, consectetur adipiscing elit. Ut elit tellus, luctus nec ullamcorper mattis, pulvinar dapibus leo.<\/p>","_id":"snfu7r9"}],"icon_align":"right","border_color":"rgba(255,255,255,0.15)","title_color":"#ffffff","title_typography_typography":"custom","title_typography_font_size":{"unit":"px","size":18},"title_typography_font_family":"Open Sans","title_typography_font_weight":"400","title_typography_line_height":{"unit":"em","size":1.8},"content_typography_typography":"custom","content_typography_font_family":"Open Sans"},"elements":[],"widgetType":"accordion"}],"isInner":false}],"isInner":false},{"id":"ostadkj","elType":"section","settings":[],"elements":[{"id":"tokengy","elType":"column","settings":{"_column_size":100,"_inline_size":null},"elements":[{"id":"meerguy","elType":"widget","settings":{"color_horizontal":"rgba(255,255,255,0.17)","gap":{"unit":"px","size":90}},"elements":[],"widgetType":"custom-divider"}],"isInner":false}],"isInner":false},{"id":"auhhswt","elType":"section","settings":{"structure":"20"},"elements":[{"id":"qioxhol","elType":"column","settings":{"_column_size":50,"_inline_size":null},"elements":[{"id":"zkkxjqa","elType":"widget","settings":{"alert_title":"Info Alert","alert_description":"I am description. Click edit button to change this text.","border_left-width":{"unit":"px","size":0},"alert_title_typography":"custom","alert_title_font_size":{"unit":"px","size":16},"alert_title_font_family":"Open Sans","alert_title_font_weight":"600","alert_title_text_transform":"uppercase","alert_title_letter_spacing":{"unit":"px","size":0.3},"alert_description_typography":"custom","alert_description_font_size":{"unit":"px","size":16},"alert_description_font_family":"Open Sans","_padding":{"unit":"px","top":"0","right":"0","bottom":"0","left":"0","isLinked":true},"_border_width":{"unit":"px","top":"1","right":"1","bottom":"1","left":"1","isLinked":true},"_border_color":"#bce8f1","_border_radius":{"unit":"px","top":"5","right":"5","bottom":"5","left":"5","isLinked":true}},"elements":[],"widgetType":"alert"}],"isInner":false},{"id":"zbydpvs","elType":"column","settings":{"_column_size":50,"_inline_size":null},"elements":[{"id":"eredcbv","elType":"widget","settings":{"alert_title":"Warning Alert","alert_description":"I am description. Click edit button to change this text.","border_left-width":{"unit":"px","size":0},"alert_title_typography":"custom","alert_title_font_size":{"unit":"px","size":16},"alert_title_font_family":"Open Sans","alert_title_font_weight":"600","alert_title_text_transform":"uppercase","alert_title_letter_spacing":{"unit":"px","size":0.3},"alert_description_typography":"custom","alert_description_font_size":{"unit":"px","size":16},"alert_description_font_family":"Open Sans","_padding":{"unit":"px","top":"0","right":"0","bottom":"0","left":"0","isLinked":true},"_border_width":{"unit":"px","top":"1","right":"1","bottom":"1","left":"1","isLinked":true},"_border_color":"#bce8f1","_border_radius":{"unit":"px","top":"5","right":"5","bottom":"5","left":"5","isLinked":true},"alert_type":"warning"},"elements":[],"widgetType":"alert"}],"isInner":false}],"isInner":false},{"id":"vnlrifx","elType":"section","settings":{"structure":"20"},"elements":[{"id":"ydyzqqn","elType":"column","settings":{"_column_size":50,"_inline_size":null},"elements":[{"id":"jxtqfgf","elType":"widget","settings":{"alert_title":"Danger Alert","alert_description":"I am description. Click edit button to change this text.","border_left-width":{"unit":"px","size":0},"alert_title_typography":"custom","alert_title_font_size":{"unit":"px","size":16},"alert_title_font_family":"Open Sans","alert_title_font_weight":"600","alert_title_text_transform":"uppercase","alert_title_letter_spacing":{"unit":"px","size":0.3},"alert_description_typography":"custom","alert_description_font_size":{"unit":"px","size":16},"alert_description_font_family":"Open Sans","_padding":{"unit":"px","top":"0","right":"0","bottom":"0","left":"0","isLinked":true},"_border_width":{"unit":"px","top":"1","right":"1","bottom":"1","left":"1","isLinked":true},"_border_color":"#bce8f1","_border_radius":{"unit":"px","top":"5","right":"5","bottom":"5","left":"5","isLinked":true},"alert_type":"danger"},"elements":[],"widgetType":"alert"}],"isInner":false},{"id":"xejoesz","elType":"column","settings":{"_column_size":50,"_inline_size":null},"elements":[{"id":"bhdncgt","elType":"widget","settings":{"alert_title":"Success Alert","alert_description":"I am description. Click edit button to change this text.","border_left-width":{"unit":"px","size":0},"alert_title_typography":"custom","alert_title_font_size":{"unit":"px","size":16},"alert_title_font_family":"Open Sans","alert_title_font_weight":"600","alert_title_text_transform":"uppercase","alert_title_letter_spacing":{"unit":"px","size":0.3},"alert_description_typography":"custom","alert_description_font_size":{"unit":"px","size":16},"alert_description_font_family":"Open Sans","_padding":{"unit":"px","top":"0","right":"0","bottom":"0","left":"0","isLinked":true},"_border_width":{"unit":"px","top":"1","right":"1","bottom":"1","left":"1","isLinked":true},"_border_color":"#bce8f1","_border_radius":{"unit":"px","top":"5","right":"5","bottom":"5","left":"5","isLinked":true},"alert_type":"success"},"elements":[],"widgetType":"alert"}],"isInner":false}],"isInner":false},{"id":"ymdpxpz","elType":"section","settings":[],"elements":[{"id":"pnqobyx","elType":"column","settings":{"_column_size":100,"_inline_size":null},"elements":[{"id":"vapuqum","elType":"widget","settings":{"color_horizontal":"rgba(255,255,255,0.17)","gap":{"unit":"px","size":90}},"elements":[],"widgetType":"custom-divider"}],"isInner":false}],"isInner":false},{"id":"vblpuem","elType":"section","settings":[],"elements":[{"id":"ncstjhl","elType":"column","settings":{"_column_size":100,"_inline_size":null},"elements":[{"id":"gcqllmi","elType":"widget","settings":{"title":"Graphic Design","inner_text":"","title_color":"#ffffff","typography_typography":"custom","typography_font_size":{"unit":"px","size":16},"typography_font_family":"Open Sans","typography_line_height":{"unit":"em","size":2.7},"bar_color":"#0fffbe","bar_bg_color":"rgba(255,255,255,0.16)","bar_inline_color":"#000000","percent":{"unit":"%","size":40},"_margin":{"unit":"px","top":"0","right":"0","bottom":"30","left":"0","isLinked":false}},"elements":[],"widgetType":"progress"},{"id":"shhaeoj","elType":"widget","settings":{"title":"HTML \/ CSS","inner_text":"","title_color":"#ffffff","typography_typography":"custom","typography_font_size":{"unit":"px","size":16},"typography_font_family":"Open Sans","typography_line_height":{"unit":"em","size":2.7},"bar_color":"#0fffbe","bar_bg_color":"rgba(255,255,255,0.16)","bar_inline_color":"#000000","percent":{"unit":"%","size":85},"_margin":{"unit":"px","top":"0","right":"0","bottom":"30","left":"0","isLinked":false}},"elements":[],"widgetType":"progress"},{"id":"ltzoigl","elType":"widget","settings":{"title":"UI Design","inner_text":"","title_color":"#ffffff","typography_typography":"custom","typography_font_size":{"unit":"px","size":16},"typography_font_family":"Open Sans","typography_line_height":{"unit":"em","size":2.7},"bar_color":"#0fffbe","bar_bg_color":"rgba(255,255,255,0.16)","bar_inline_color":"#000000","percent":{"unit":"%","size":60},"_margin":{"unit":"px","top":"0","right":"0","bottom":"30","left":"0","isLinked":false}},"elements":[],"widgetType":"progress"},{"id":"bsoliko","elType":"widget","settings":{"title":"WordPress","inner_text":"","title_color":"#ffffff","typography_typography":"custom","typography_font_size":{"unit":"px","size":16},"typography_font_family":"Open Sans","typography_line_height":{"unit":"em","size":2.7},"bar_color":"#0fffbe","bar_bg_color":"rgba(255,255,255,0.16)","bar_inline_color":"#000000","percent":{"unit":"%","size":75},"_margin":{"unit":"px","top":"0","right":"0","bottom":"0","left":"0","isLinked":false}},"elements":[],"widgetType":"progress"}],"isInner":false}],"isInner":false},{"id":"elkqluo","elType":"section","settings":[],"elements":[{"id":"htsebin","elType":"column","settings":{"_column_size":100,"_inline_size":null},"elements":[{"id":"ngctskm","elType":"widget","settings":{"color_horizontal":"rgba(255,255,255,0.17)","gap":{"unit":"px","size":90}},"elements":[],"widgetType":"custom-divider"}],"isInner":false}],"isInner":false},{"id":"hxjnpme","elType":"section","settings":[],"elements":[{"id":"nnngaat","elType":"column","settings":{"_column_size":100,"_inline_size":null},"elements":[],"isInner":false}],"isInner":false}],"data":[{"id":"zrucxaf","settings":{"structure":"34"},"elements":[{"id":"auphmlj","settings":{"_column_size":16,"_inline_size":12.979},"elements":[],"isInner":false,"elType":"column"},{"id":"xwhiyzj","settings":{"_column_size":66,"_inline_size":74.043},"elements":[{"id":"mqlatbi","settings":{"editor":"<p class=\"lead-text\" style=\"text-align: center;\"><span style=\"color: #95989a;\">Following are some of the elements which you can use in this theme. The theme is compatible is elementor page builder.<\/span><\/p>"},"elements":[],"isInner":false,"widgetType":"text-editor","elType":"widget"},{"id":"pzamoio","settings":{"orientation":"vertical","color_vertical":"#151516"},"elements":[],"isInner":false,"widgetType":"custom-divider","elType":"widget"}],"isInner":false,"elType":"column"},{"id":"wbgunxl","settings":{"_column_size":16,"_inline_size":12.973},"elements":[],"isInner":false,"elType":"column"}],"isInner":false,"elType":"section"},{"id":"odhtilr","settings":{"structure":"20"},"elements":[{"id":"tswkagp","settings":{"_column_size":50,"_inline_size":null},"elements":[{"id":"akjsvpt","settings":{"tabs":[{"tab_title":"Main","tab_content":"<p>I am tab content. Click edit button to change this text. Lorem ipsum dolor sit amet, consectetur adipiscing elit. Ut elit tellus, luctus nec ullamcorper mattis, pulvinar dapibus leo.<\/p>","_id":"jlho28l"},{"tab_title":"Profile","tab_content":"","_id":"tdaf5sl"},{"tab_title":"Contact","tab_content":"","_id":"glgyczj"}],"border_color":"rgba(255,255,255,0.23)","tab_color":"#ffffff","tab_typography_typography":"custom","tab_typography_font_size":{"unit":"px","size":18},"tab_typography_font_family":"Open Sans","tab_typography_font_weight":"400","content_typography_typography":"custom","content_typography_font_size":{"unit":"px","size":18},"content_typography_font_family":"Open Sans"},"elements":[],"isInner":false,"widgetType":"tabs","elType":"widget"}],"isInner":false,"elType":"column"},{"id":"hahldvg","settings":{"_column_size":50,"_inline_size":null},"elements":[{"id":"ldmiqyz","settings":{"tabs":[{"tab_title":"Accordion #1","tab_content":"<p>I am item content. Click edit button to change this text. Lorem ipsum dolor sit amet, consectetur adipiscing elit. Ut elit tellus, luctus nec ullamcorper mattis, pulvinar dapibus leo.<\/p>","_id":"yk2263x"},{"tab_title":"Accordion #2","tab_content":"<p>I am item content. Click edit button to change this text. Lorem ipsum dolor sit amet, consectetur adipiscing elit. Ut elit tellus, luctus nec ullamcorper mattis, pulvinar dapibus leo.<\/p>","_id":"snfu7r9"}],"icon_align":"right","border_color":"rgba(255,255,255,0.15)","title_color":"#ffffff","title_typography_typography":"custom","title_typography_font_size":{"unit":"px","size":18},"title_typography_font_family":"Open Sans","title_typography_font_weight":"400","title_typography_line_height":{"unit":"em","size":1.8},"content_typography_typography":"custom","content_typography_font_family":"Open Sans"},"elements":[],"isInner":false,"widgetType":"accordion","elType":"widget"}],"isInner":false,"elType":"column"}],"isInner":false,"elType":"section"},{"id":"ostadkj","settings":[],"elements":[{"id":"tokengy","settings":{"_column_size":100,"_inline_size":null},"elements":[{"id":"meerguy","settings":{"color_horizontal":"rgba(255,255,255,0.17)","gap":{"unit":"px","size":90}},"elements":[],"isInner":false,"widgetType":"custom-divider","elType":"widget"}],"isInner":false,"elType":"column"}],"isInner":false,"elType":"section"},{"id":"auhhswt","settings":{"structure":"20"},"elements":[{"id":"qioxhol","settings":{"_column_size":50,"_inline_size":null},"elements":[{"id":"zkkxjqa","settings":{"alert_title":"Info Alert","alert_description":"I am description. Click edit button to change this text.","border_left-width":{"unit":"px","size":0},"alert_title_typography":"custom","alert_title_font_size":{"unit":"px","size":16},"alert_title_font_family":"Open Sans","alert_title_font_weight":"600","alert_title_text_transform":"uppercase","alert_title_letter_spacing":{"unit":"px","size":0.3},"alert_description_typography":"custom","alert_description_font_size":{"unit":"px","size":16},"alert_description_font_family":"Open Sans","_padding":{"unit":"px","top":"0","right":"0","bottom":"0","left":"0","isLinked":true},"_border_width":{"unit":"px","top":"1","right":"1","bottom":"1","left":"1","isLinked":true},"_border_color":"#bce8f1","_border_radius":{"unit":"px","top":"5","right":"5","bottom":"5","left":"5","isLinked":true}},"elements":[],"isInner":false,"widgetType":"alert","elType":"widget"}],"isInner":false,"elType":"column"},{"id":"zbydpvs","settings":{"_column_size":50,"_inline_size":null},"elements":[{"id":"eredcbv","settings":{"alert_title":"Warning Alert","alert_description":"I am description. Click edit button to change this text.","border_left-width":{"unit":"px","size":0},"alert_title_typography":"custom","alert_title_font_size":{"unit":"px","size":16},"alert_title_font_family":"Open Sans","alert_title_font_weight":"600","alert_title_text_transform":"uppercase","alert_title_letter_spacing":{"unit":"px","size":0.3},"alert_description_typography":"custom","alert_description_font_size":{"unit":"px","size":16},"alert_description_font_family":"Open Sans","_padding":{"unit":"px","top":"0","right":"0","bottom":"0","left":"0","isLinked":true},"_border_width":{"unit":"px","top":"1","right":"1","bottom":"1","left":"1","isLinked":true},"_border_color":"#bce8f1","_border_radius":{"unit":"px","top":"5","right":"5","bottom":"5","left":"5","isLinked":true},"alert_type":"warning"},"elements":[],"isInner":false,"widgetType":"alert","elType":"widget"}],"isInner":false,"elType":"column"}],"isInner":false,"elType":"section"},{"id":"vnlrifx","settings":{"structure":"20"},"elements":[{"id":"ydyzqqn","settings":{"_column_size":50,"_inline_size":null},"elements":[{"id":"jxtqfgf","settings":{"alert_title":"Danger Alert","alert_description":"I am description. Click edit button to change this text.","border_left-width":{"unit":"px","size":0},"alert_title_typography":"custom","alert_title_font_size":{"unit":"px","size":16},"alert_title_font_family":"Open Sans","alert_title_font_weight":"600","alert_title_text_transform":"uppercase","alert_title_letter_spacing":{"unit":"px","size":0.3},"alert_description_typography":"custom","alert_description_font_size":{"unit":"px","size":16},"alert_description_font_family":"Open Sans","_padding":{"unit":"px","top":"0","right":"0","bottom":"0","left":"0","isLinked":true},"_border_width":{"unit":"px","top":"1","right":"1","bottom":"1","left":"1","isLinked":true},"_border_color":"#bce8f1","_border_radius":{"unit":"px","top":"5","right":"5","bottom":"5","left":"5","isLinked":true},"alert_type":"danger"},"elements":[],"isInner":false,"widgetType":"alert","elType":"widget"}],"isInner":false,"elType":"column"},{"id":"xejoesz","settings":{"_column_size":50,"_inline_size":null},"elements":[{"id":"bhdncgt","settings":{"alert_title":"Success Alert","alert_description":"I am description. Click edit button to change this text.","border_left-width":{"unit":"px","size":0},"alert_title_typography":"custom","alert_title_font_size":{"unit":"px","size":16},"alert_title_font_family":"Open Sans","alert_title_font_weight":"600","alert_title_text_transform":"uppercase","alert_title_letter_spacing":{"unit":"px","size":0.3},"alert_description_typography":"custom","alert_description_font_size":{"unit":"px","size":16},"alert_description_font_family":"Open Sans","_padding":{"unit":"px","top":"0","right":"0","bottom":"0","left":"0","isLinked":true},"_border_width":{"unit":"px","top":"1","right":"1","bottom":"1","left":"1","isLinked":true},"_border_color":"#bce8f1","_border_radius":{"unit":"px","top":"5","right":"5","bottom":"5","left":"5","isLinked":true},"alert_type":"success"},"elements":[],"isInner":false,"widgetType":"alert","elType":"widget"}],"isInner":false,"elType":"column"}],"isInner":false,"elType":"section"},{"id":"ymdpxpz","settings":[],"elements":[{"id":"pnqobyx","settings":{"_column_size":100,"_inline_size":null},"elements":[{"id":"vapuqum","settings":{"color_horizontal":"rgba(255,255,255,0.17)","gap":{"unit":"px","size":90}},"elements":[],"isInner":false,"widgetType":"custom-divider","elType":"widget"}],"isInner":false,"elType":"column"}],"isInner":false,"elType":"section"},{"id":"vblpuem","settings":[],"elements":[{"id":"ncstjhl","settings":{"_column_size":100,"_inline_size":null},"elements":[{"id":"gcqllmi","settings":{"title":"Graphic Design","inner_text":"","title_color":"#ffffff","typography_typography":"custom","typography_font_size":{"unit":"px","size":16},"typography_font_family":"Open Sans","typography_line_height":{"unit":"em","size":2.7},"bar_color":"#0fffbe","bar_bg_color":"rgba(255,255,255,0.16)","bar_inline_color":"#000000","percent":{"unit":"%","size":40},"_margin":{"unit":"px","top":"0","right":"0","bottom":"30","left":"0","isLinked":false}},"elements":[],"isInner":false,"widgetType":"progress","elType":"widget"},{"id":"shhaeoj","settings":{"title":"HTML \/ CSS","inner_text":"","title_color":"#ffffff","typography_typography":"custom","typography_font_size":{"unit":"px","size":16},"typography_font_family":"Open Sans","typography_line_height":{"unit":"em","size":2.7},"bar_color":"#0fffbe","bar_bg_color":"rgba(255,255,255,0.16)","bar_inline_color":"#000000","percent":{"unit":"%","size":85},"_margin":{"unit":"px","top":"0","right":"0","bottom":"30","left":"0","isLinked":false}},"elements":[],"isInner":false,"widgetType":"progress","elType":"widget"},{"id":"ltzoigl","settings":{"title":"UI Design","inner_text":"","title_color":"#ffffff","typography_typography":"custom","typography_font_size":{"unit":"px","size":16},"typography_font_family":"Open Sans","typography_line_height":{"unit":"em","size":2.7},"bar_color":"#0fffbe","bar_bg_color":"rgba(255,255,255,0.16)","bar_inline_color":"#000000","percent":{"unit":"%","size":60},"_margin":{"unit":"px","top":"0","right":"0","bottom":"30","left":"0","isLinked":false}},"elements":[],"isInner":false,"widgetType":"progress","elType":"widget"},{"id":"bsoliko","settings":{"title":"WordPress","inner_text":"","title_color":"#ffffff","typography_typography":"custom","typography_font_size":{"unit":"px","size":16},"typography_font_family":"Open Sans","typography_line_height":{"unit":"em","size":2.7},"bar_color":"#0fffbe","bar_bg_color":"rgba(255,255,255,0.16)","bar_inline_color":"#000000","percent":{"unit":"%","size":75},"_margin":{"unit":"px","top":"0","right":"0","bottom":"0","left":"0","isLinked":false}},"elements":[],"isInner":false,"widgetType":"progress","elType":"widget"}],"isInner":false,"elType":"column"}],"isInner":false,"elType":"section"},{"id":"elkqluo","settings":[],"elements":[{"id":"htsebin","settings":{"_column_size":100,"_inline_size":null},"elements":[{"id":"ngctskm","settings":{"color_horizontal":"rgba(255,255,255,0.17)","gap":{"unit":"px","size":90}},"elements":[],"isInner":false,"widgetType":"custom-divider","elType":"widget"}],"isInner":false,"elType":"column"}],"isInner":false,"elType":"section"},{"id":"hxjnpme","settings":[],"elements":[{"id":"nnngaat","settings":{"_column_size":100,"_inline_size":null},"elements":[],"isInner":false,"elType":"column"}],"isInner":false,"elType":"section"}]}