{"version":"0.4","title":"About &#8211; Freelancer","type":"page","content":[{"id":"575f7176","settings":{"margin":{"unit":"px","top":"45","right":0,"bottom":"0","left":0,"isLinked":false}},"elements":[{"id":"4d2eb1b9","settings":{"_column_size":100,"_inline_size":null},"elements":[{"id":"c9841e6","settings":{"editor":"Hi there! I\u2019m","typography_typography":"custom","typography_font_family":"Open Sans","typography_font_size":{"unit":"px","size":21,"sizes":[]},"typography_font_weight":"400","_margin":{"unit":"px","top":"0","right":"0","bottom":"-20","left":"0","isLinked":false}},"elements":[],"isInner":false,"widgetType":"text-editor","elType":"widget"},{"id":"60179247","settings":{"title":"Faisal Khurshid<br>\na <span style=\"color: #993300;\">User Experience Designer<\/span><br>\nbased in <span style=\"text-decoration: underline;\">Ottawa, Canada<\/span>","header_size":"h1","typography_typography":"custom","typography_font_family":"DM Serif Text","typography_font_size":{"unit":"px","size":48,"sizes":[]},"typography_font_weight":"400","typography_line_height":{"unit":"em","size":1.3,"sizes":[]},"typography_font_size_mobile":{"unit":"px","size":37,"sizes":[]}},"elements":[],"isInner":false,"widgetType":"heading","elType":"widget"}],"isInner":false,"elType":"column"}],"isInner":false,"elType":"section"},{"id":"611a91ff","settings":[],"elements":[{"id":"53ec918d","settings":{"_column_size":100,"_inline_size":null},"elements":[{"id":"2a68a7e0","settings":{"orientation":"vertical","color_vertical":"#02010138","gap":{"unit":"px","size":40,"sizes":[]}},"elements":[],"isInner":false,"widgetType":"custom-divider","elType":"widget"},{"id":"206f9033","settings":{"editor":"<strong>Faisal Khurshid<\/strong> is a user experience designer from Canada. He works from his little home-studio for clients around the world. He has been awarded most prestigious awards of the industry. Also, Faisal is one of the most recognizable and sought-after designer in our time.","text_color":"#0F0F0F","typography_typography":"custom","typography_font_family":"Open Sans","typography_font_size":{"unit":"px","size":24,"sizes":[]},"typography_font_weight":"300","typography_font_size_mobile":{"unit":"px","size":20,"sizes":[]}},"elements":[],"isInner":false,"widgetType":"text-editor","elType":"widget"},{"id":"4fcfe17a","settings":{"editor":"<p>Doing great since 2009 from London.<\/p>","typography_typography":"custom","typography_font_family":"Open Sans","typography_font_weight":"600"},"elements":[],"isInner":false,"widgetType":"text-editor","elType":"widget"},{"id":"77158737","settings":{"title":"Skills & Services","header_size":"h4","title_color":"#869DE8","typography_typography":"custom","typography_font_family":"Open Sans","typography_font_size":{"unit":"px","size":18,"sizes":[]},"typography_font_weight":"600","typography_text_transform":"uppercase","typography_letter_spacing":{"unit":"px","size":-0.1,"sizes":[]},"_margin":{"unit":"px","top":"30","right":"0","bottom":"10","left":"0","isLinked":false}},"elements":[],"isInner":false,"widgetType":"heading","elType":"widget"}],"isInner":false,"elType":"column"}],"isInner":false,"elType":"section"},{"id":"113e9c92","settings":{"gap":"no"},"elements":[{"id":"267f7605","settings":{"_column_size":100,"_inline_size":null},"elements":[{"id":"324b4628","settings":{"structure":"20"},"elements":[{"id":"5a87b37d","settings":{"_column_size":50,"_inline_size":52.539},"elements":[{"id":"1a10f843","settings":{"editor":"<p>- Digital Marketing<br \/>- User Experience<br \/>- Content Stratgey<br \/>- Information Architecute<br \/>- Market &amp; Design Resources<\/p>","text_color":"#121212","typography_typography":"custom","typography_font_family":"Open Sans","typography_font_size":{"unit":"px","size":17,"sizes":[]},"typography_font_weight":"400","typography_line_height":{"unit":"em","size":2.2,"sizes":[]}},"elements":[],"isInner":false,"widgetType":"text-editor","elType":"widget"}],"isInner":true,"elType":"column"},{"id":"4cc4df0f","settings":{"_column_size":50,"_inline_size":47.393},"elements":[{"id":"70d786c6","settings":{"editor":"<p>- Brand Communication<br \/>- Application Interface<br \/>- Mobile Website &amp; Apps<br \/>- Corporate Websites<\/p>","text_color":"#121212","typography_typography":"custom","typography_font_family":"Open Sans","typography_font_size":{"unit":"px","size":17,"sizes":[]},"typography_font_weight":"400","typography_line_height":{"unit":"em","size":2.2,"sizes":[]}},"elements":[],"isInner":false,"widgetType":"text-editor","elType":"widget"}],"isInner":true,"elType":"column"}],"isInner":true,"elType":"section"}],"isInner":false,"elType":"column"}],"isInner":false,"elType":"section"},{"id":"34f9eda3","settings":[],"elements":[{"id":"2581b4d5","settings":{"_column_size":100,"_inline_size":null},"elements":[{"id":"475e6a68","settings":{"title":"My Clients","header_size":"h4","title_color":"#A32A2E","typography_typography":"custom","typography_font_family":"Open Sans","typography_font_size":{"unit":"px","size":18,"sizes":[]},"typography_font_weight":"600","typography_text_transform":"uppercase","typography_letter_spacing":{"unit":"px","size":-0.1,"sizes":[]},"_margin":{"unit":"px","top":"10","right":"0","bottom":"0","left":"0","isLinked":false}},"elements":[],"isInner":false,"widgetType":"heading","elType":"widget"},{"id":"1c2365a4","settings":{"image":{"url":"http:\/\/portfolio.blacksailor.co.uk\/wp-content\/uploads\/2021\/03\/freelancer-clients.png","id":819},"image_size":"full","align":"left"},"elements":[],"isInner":false,"widgetType":"image","elType":"widget"},{"id":"33c25205","settings":{"text":"Send Message","link":{"url":"https:\/\/portfolio.blacksailor.co.uk\/contact-modern\/","is_external":"","nofollow":"","custom_attributes":""},"align":"justify","typography_typography":"custom","typography_font_family":"Open Sans","typography_font_size":{"unit":"px","size":16,"sizes":[]},"typography_font_weight":"600","typography_text_transform":"uppercase","typography_line_height":{"unit":"em","size":2.3,"sizes":[]},"typography_letter_spacing":{"unit":"px","size":0.7,"sizes":[]},"background_color":"#101010","_margin":{"unit":"px","top":"10","right":"0","bottom":"0","left":"0","isLinked":false}},"elements":[],"isInner":false,"widgetType":"button","elType":"widget"}],"isInner":false,"elType":"column"}],"isInner":false,"elType":"section"}],"page_settings":{"text":"Title"}}