{"version":"0.4","title":"Contact &#8211; Minimal","type":"page","content":[{"id":"64d6b0e2","settings":{"structure":"30","margin":{"unit":"px","top":"45","right":0,"bottom":"0","left":0,"isLinked":false}},"elements":[{"id":"278fa9c1","settings":{"_column_size":33,"_inline_size":21.507},"elements":[],"isInner":false,"elType":"column"},{"id":"45c426","settings":{"_column_size":33,"_inline_size":58.977},"elements":[{"id":"4054afcf","settings":{"title":"Hello","header_size":"h4","align":"left","_css_classes":"prefix-heading"},"elements":[],"isInner":false,"widgetType":"heading","elType":"widget"},{"id":"6af5ec54","settings":{"title":"Let's Talk","header_size":"h1","typography_typography":"custom","typography_font_family":"DM Serif Text","typography_font_size":{"unit":"px","size":72,"sizes":[]},"typography_font_weight":"400","typography_font_size_mobile":{"unit":"px","size":60,"sizes":[]}},"elements":[],"isInner":false,"widgetType":"heading","elType":"widget"},{"id":"5968adf4","settings":{"editor":"<p class=\"lead\">Like what you see? Would love to hear from you.<br>\nCall me at\n<b>+44 7911 123456<\/b><\/p>","text_color":"#000000","typography_typography":"custom","typography_font_family":"Open Sans","typography_font_size":{"unit":"px","size":22,"sizes":[]},"typography_font_weight":"300","typography_font_size_mobile":{"unit":"px","size":20,"sizes":[]}},"elements":[],"isInner":false,"widgetType":"text-editor","elType":"widget"}],"isInner":false,"elType":"column"},{"id":"48a554d1","settings":{"_column_size":33,"_inline_size":19.18},"elements":[],"isInner":false,"elType":"column"}],"isInner":false,"elType":"section"},{"id":"79356b6d","settings":{"stretch_section":"section-stretched","structure":"30","background_background":"classic","background_color":"#F8F5F2","margin":{"unit":"px","top":"30","right":0,"bottom":"30","left":0,"isLinked":true},"padding":{"unit":"px","top":"90","right":"0","bottom":"90","left":"0","isLinked":false}},"elements":[{"id":"72643334","settings":{"_column_size":33,"_inline_size":4.36},"elements":[],"isInner":false,"elType":"column"},{"id":"415d1774","settings":{"_column_size":33,"_inline_size":61.972},"elements":[{"id":"57e2589","settings":{"image":{"url":"http:\/\/portfolio.blacksailor.co.uk\/wp-content\/uploads\/2021\/02\/map-bg.png","id":546}},"elements":[],"isInner":false,"widgetType":"image","elType":"widget"}],"isInner":false,"elType":"column"},{"id":"1862fe7c","settings":{"_column_size":33,"_inline_size":null,"padding":{"unit":"px","top":"0","right":"0","bottom":"0","left":"30","isLinked":false}},"elements":[{"id":"42c3bb7b","settings":{"title":"Contact Info","title_color":"#A6A6A6","typography_typography":"custom","typography_font_family":"Open Sans","typography_font_size":{"unit":"px","size":16,"sizes":[]},"typography_font_weight":"400","typography_text_transform":"uppercase","typography_letter_spacing":{"unit":"px","size":1,"sizes":[]},"_margin_mobile":{"unit":"px","top":"30","right":"0","bottom":"0","left":"0","isLinked":false}},"elements":[],"isInner":false,"widgetType":"heading","elType":"widget"},{"id":"66d76f0","settings":{"title":"Inquiries","header_size":"h4","typography_typography":"custom","typography_font_family":"DM Serif Text","typography_font_size":{"unit":"px","size":23,"sizes":[]},"typography_font_weight":"400"},"elements":[],"isInner":false,"widgetType":"heading","elType":"widget"},{"id":"c087d98","settings":{"editor":"support@blacksailor.co.uk"},"elements":[],"isInner":false,"widgetType":"text-editor","elType":"widget"},{"id":"2e8ce666","settings":{"title":"Meets Us","header_size":"h4","typography_typography":"custom","typography_font_family":"DM Serif Text","typography_font_size":{"unit":"px","size":23,"sizes":[]},"typography_font_weight":"400"},"elements":[],"isInner":false,"widgetType":"heading","elType":"widget"},{"id":"38151294","settings":{"editor":"College House 2nd Floor,<br>\n17 King Edwards Road,<br>\nLondon"},"elements":[],"isInner":false,"widgetType":"text-editor","elType":"widget"},{"id":"5757ff1e","settings":{"space":{"unit":"px","size":35,"sizes":[]}},"elements":[],"isInner":false,"widgetType":"spacer","elType":"widget"},{"id":"43d3e861","settings":{"title":"See on Map","link":{"url":"#open-map","is_external":"","nofollow":"","custom_attributes":""},"header_size":"span","title_color":"#869DE8","typography_typography":"custom","typography_font_family":"Open Sans","typography_font_size":{"unit":"px","size":17,"sizes":[]},"typography_font_weight":"400","typography_letter_spacing":{"unit":"px","size":0,"sizes":[]},"_css_classes":"prefix-link"},"elements":[],"isInner":false,"widgetType":"heading","elType":"widget"}],"isInner":false,"elType":"column"}],"isInner":false,"elType":"section"},{"id":"7bb860ec","settings":{"structure":"30","padding":{"unit":"px","top":"60","right":"0","bottom":"0","left":"0","isLinked":false}},"elements":[{"id":"5ec56352","settings":{"_column_size":33,"_inline_size":18.46},"elements":[],"isInner":false,"elType":"column"},{"id":"a694191","settings":{"_column_size":33,"_inline_size":62.657},"elements":[{"id":"d775f12","settings":{"title":"Drop a Line","header_size":"h1","typography_typography":"custom","typography_font_family":"DM Serif Text","typography_font_size":{"unit":"px","size":60,"sizes":[]},"typography_font_weight":"400","typography_font_size_mobile":{"unit":"px","size":53,"sizes":[]}},"elements":[],"isInner":false,"widgetType":"heading","elType":"widget"},{"id":"563d3266","settings":{"editor":"<p>Fill in this form or send us an e-mail with your inquiry.<\/p>","text_color":"#333333","typography_typography":"custom","typography_font_family":"Open Sans","typography_font_size":{"unit":"px","size":23,"sizes":[]},"typography_font_weight":"300","typography_font_size_mobile":{"unit":"px","size":20,"sizes":[]}},"elements":[],"isInner":false,"widgetType":"text-editor","elType":"widget"},{"id":"26ad5960","settings":{"shortcode":"[contact-form-7 id=\"6\" title=\"Contact Form\"]"},"elements":[],"isInner":false,"widgetType":"shortcode","elType":"widget"}],"isInner":false,"elType":"column"},{"id":"5fd66f72","settings":{"_column_size":33,"_inline_size":18.547},"elements":[],"isInner":false,"elType":"column"}],"isInner":false,"elType":"section"}],"page_settings":{"text":"Title"}}