{"version":"0.4","title":"Contact &#8211; Modern","type":"page","content":[{"id":"1a9a6232","settings":[],"elements":[{"id":"302e6914","settings":{"_column_size":100,"_inline_size":null},"elements":[{"id":"6b4d06f1","settings":{"editor":"Should you ever have a question, please don\u2019t hesitate to send a message or reach out on our social media. We would love to hear from you!\n","align":"center","typography_typography":"custom","typography_font_family":"Open Sans","typography_font_size":{"unit":"px","size":24,"sizes":[]},"typography_font_weight":"300"},"elements":[],"isInner":false,"widgetType":"text-editor","elType":"widget"},{"id":"99d6a24","settings":{"title":"See Details","link":{"url":"#trigger-notification","is_external":"","nofollow":"","custom_attributes":""},"align":"center","title_color":"#E6AA4C","typography_typography":"custom","typography_font_family":"Open Sans","typography_font_size":{"unit":"px","size":16,"sizes":[]},"typography_font_weight":"600","typography_text_transform":"uppercase","typography_letter_spacing":{"unit":"px","size":0.1,"sizes":[]}},"elements":[],"isInner":false,"widgetType":"heading","elType":"widget"},{"id":"52c983e2","settings":{"orientation":"vertical","color_vertical":"#EBEBEB33"},"elements":[],"isInner":false,"widgetType":"custom-divider","elType":"widget"}],"isInner":false,"elType":"column"}],"isInner":false,"elType":"section"},{"id":"3dc9c6c5","settings":{"gap":"wide"},"elements":[{"id":"651ee5f7","settings":{"_column_size":100,"_inline_size":null},"elements":[{"id":"59329006","settings":{"shortcode":"[contact-form-7 id=\"6\" title=\"Contact Form\"]"},"elements":[],"isInner":false,"widgetType":"shortcode","elType":"widget"}],"isInner":false,"elType":"column"}],"isInner":false,"elType":"section"}]}