{"version":"0.4","title":"Contact &#8211; Classic","type":"page","content":[{"id":"5c2e3a3c","settings":{"gap":"no","margin":{"unit":"px","top":"25","right":0,"bottom":"0","left":0,"isLinked":false}},"elements":[{"id":"2feb9c8a","settings":{"_column_size":100,"_inline_size":null},"elements":[{"id":"60b4132c","settings":{"title":"Say Hello.","header_size":"h1","typography_typography":"custom","typography_font_family":"DM Serif Text","typography_font_size":{"unit":"px","size":48,"sizes":[]},"typography_font_weight":"400","_margin":{"unit":"px","top":"0","right":"0","bottom":"5","left":"0","isLinked":false}},"elements":[],"isInner":false,"widgetType":"heading","elType":"widget"},{"id":"6fe8cec2","settings":{"gap":"no","structure":"20"},"elements":[{"id":"2087f721","settings":{"_column_size":50,"_inline_size":59.874},"elements":[{"id":"6f28dfbb","settings":{"editor":"<p>Should you ever have a question, please don\u2019t hesitate to send a message or reach out on our social media. We would love to hear from you!<\/p>","text_color":"#363636","typography_typography":"custom","typography_font_family":"Open Sans","typography_font_size":{"unit":"px","size":24,"sizes":[]},"typography_font_weight":"300","typography_line_height":{"unit":"em","size":1.4,"sizes":[]},"_margin":{"unit":"px","top":"0","right":"0","bottom":"-50","left":"0","isLinked":false},"typography_font_size_mobile":{"unit":"px","size":20,"sizes":[]}},"elements":[],"isInner":false,"widgetType":"text-editor","elType":"widget"},{"id":"38766655","settings":{"color_horizontal":"#02010147","width":{"unit":"%","size":8,"sizes":[]},"align":"left","gap":{"unit":"px","size":36,"sizes":[]}},"elements":[],"isInner":false,"widgetType":"custom-divider","elType":"widget"}],"isInner":true,"elType":"column"},{"id":"5bbadbaa","settings":{"_column_size":50,"_inline_size":39.936},"elements":[],"isInner":true,"elType":"column"}],"isInner":true,"elType":"section"}],"isInner":false,"elType":"column"}],"isInner":false,"elType":"section"},{"id":"1677779c","settings":{"gap":"no","structure":"30","margin":{"unit":"px","top":"20","right":0,"bottom":"0","left":0,"isLinked":false}},"elements":[{"id":"35c7eec2","settings":{"_column_size":33,"_inline_size":null},"elements":[{"id":"2851e362","settings":{"image":{"url":"http:\/\/portfolio.blacksailor.co.uk\/wp-content\/uploads\/2021\/02\/location-icon-dark.svg","id":100},"image_size":"full","align":"left"},"elements":[],"isInner":false,"widgetType":"image","elType":"widget"},{"id":"18cf1aa1","settings":{"title":"Location","header_size":"h4","typography_typography":"custom","typography_font_family":"Open Sans","typography_font_size":{"unit":"px","size":17,"sizes":[]},"typography_font_weight":"600","typography_text_transform":"uppercase","typography_letter_spacing":{"unit":"px","size":0.4,"sizes":[]}},"elements":[],"isInner":false,"widgetType":"heading","elType":"widget"},{"id":"56c41d8e","settings":{"editor":" 17 King Edwards Road, London ","text_color":"#7A7A7A","typography_typography":"custom","typography_font_family":"Open Sans","typography_font_size":{"unit":"px","size":18,"sizes":[]},"typography_font_weight":"400"},"elements":[],"isInner":false,"widgetType":"text-editor","elType":"widget"},{"id":"271db40b","settings":{"space":{"unit":"px","size":41,"sizes":[]}},"elements":[],"isInner":false,"widgetType":"spacer","elType":"widget"},{"id":"567aae0b","settings":{"image":{"url":"http:\/\/portfolio.blacksailor.co.uk\/wp-content\/uploads\/2021\/02\/mobile-icon-dark.svg","id":101},"image_size":"full","align":"left"},"elements":[],"isInner":false,"widgetType":"image","elType":"widget"},{"id":"5ab94757","settings":{"title":"Phone Number","header_size":"h4","typography_typography":"custom","typography_font_family":"Open Sans","typography_font_size":{"unit":"px","size":17,"sizes":[]},"typography_font_weight":"600","typography_text_transform":"uppercase","typography_letter_spacing":{"unit":"px","size":0.4,"sizes":[]}},"elements":[],"isInner":false,"widgetType":"heading","elType":"widget"},{"id":"2ba8c8ef","settings":{"editor":" +44 7911 123456 ","text_color":"#7A7A7A","typography_typography":"custom","typography_font_family":"Open Sans","typography_font_size":{"unit":"px","size":18,"sizes":[]},"typography_font_weight":"400"},"elements":[],"isInner":false,"widgetType":"text-editor","elType":"widget"}],"isInner":false,"elType":"column"},{"id":"506fbae3","settings":{"_column_size":33,"_inline_size":null},"elements":[{"id":"380427da","settings":{"image":{"url":"http:\/\/portfolio.blacksailor.co.uk\/wp-content\/uploads\/2021\/02\/email-icon-dark.svg","id":99},"image_size":"full","align":"left","_margin_tablet":{"unit":"px","top":"90","right":"0","bottom":"0","left":"0","isLinked":false},"_margin_mobile":{"unit":"px","top":"60","right":"0","bottom":"0","left":"0","isLinked":false},"_padding_tablet":{"unit":"px","top":"0","right":"0","bottom":"0","left":"0","isLinked":false}},"elements":[],"isInner":false,"widgetType":"image","elType":"widget"},{"id":"3996bc05","settings":{"title":"Information","header_size":"h4","typography_typography":"custom","typography_font_family":"Open Sans","typography_font_size":{"unit":"px","size":17,"sizes":[]},"typography_font_weight":"600","typography_text_transform":"uppercase","typography_letter_spacing":{"unit":"px","size":0.4,"sizes":[]}},"elements":[],"isInner":false,"widgetType":"heading","elType":"widget"},{"id":"7064486a","settings":{"editor":"<p>info@blacksailor.co.uk<\/p>","text_color":"#7A7A7A","typography_typography":"custom","typography_font_family":"Open Sans","typography_font_size":{"unit":"px","size":18,"sizes":[]},"typography_font_weight":"400","_margin":{"unit":"px","top":"0","right":"0","bottom":"0","left":"0","isLinked":false}},"elements":[],"isInner":false,"widgetType":"text-editor","elType":"widget"},{"id":"7ad7e7cf","settings":{"title":"Support","header_size":"h4","typography_typography":"custom","typography_font_family":"Open Sans","typography_font_size":{"unit":"px","size":17,"sizes":[]},"typography_font_weight":"600","typography_text_transform":"uppercase","typography_letter_spacing":{"unit":"px","size":0.4,"sizes":[]}},"elements":[],"isInner":false,"widgetType":"heading","elType":"widget"},{"id":"3dc3135f","settings":{"editor":"<p>support@blacksailor.co.uk<\/p>","text_color":"#7A7A7A","typography_typography":"custom","typography_font_family":"Open Sans","typography_font_size":{"unit":"px","size":18,"sizes":[]},"typography_font_weight":"400","_margin":{"unit":"px","top":"0","right":"0","bottom":"0","left":"0","isLinked":false}},"elements":[],"isInner":false,"widgetType":"text-editor","elType":"widget"},{"id":"f915fd4","settings":{"title":"Sales","header_size":"h4","typography_typography":"custom","typography_font_family":"Open Sans","typography_font_size":{"unit":"px","size":17,"sizes":[]},"typography_font_weight":"600","typography_text_transform":"uppercase","typography_letter_spacing":{"unit":"px","size":0.4,"sizes":[]}},"elements":[],"isInner":false,"widgetType":"heading","elType":"widget"},{"id":"5f7d7c1e","settings":{"editor":"<p>sales@blacksailor.co.uk<\/p>","text_color":"#7A7A7A","typography_typography":"custom","typography_font_family":"Open Sans","typography_font_size":{"unit":"px","size":18,"sizes":[]},"typography_font_weight":"400"},"elements":[],"isInner":false,"widgetType":"text-editor","elType":"widget"}],"isInner":false,"elType":"column"},{"id":"ca5fd9e","settings":{"_column_size":33,"_inline_size":null},"elements":[],"isInner":false,"elType":"column"}],"isInner":false,"elType":"section"}],"page_settings":{"text":"Title"}}