{"version":"0.4","title":"About &#8211; Studio","type":"page","content":[{"id":"2aa6da46","settings":{"gap":"no","margin":{"unit":"px","top":"-20","right":0,"bottom":"0","left":0,"isLinked":false}},"elements":[{"id":"104c185b","settings":{"_column_size":100,"_inline_size":null},"elements":[{"id":"642dde2","settings":{"image":{"id":639,"url":"http:\/\/portfolio.blacksailor.co.uk\/wp-content\/uploads\/2021\/02\/about-cover-image-2.jpg"},"image_size":"full"},"elements":[],"isInner":false,"widgetType":"image","elType":"widget"}],"isInner":false,"elType":"column"}],"isInner":false,"elType":"section"},{"id":"6770e297","settings":{"structure":"20","gap":"no","margin":{"unit":"px","top":"60","right":0,"bottom":"30","left":0,"isLinked":false}},"elements":[{"id":"649845a2","settings":{"_column_size":50,"_inline_size":52.913},"elements":[{"id":"43f3461e","settings":{"title":"Welcome","header_size":"span","title_color":"#010101","typography_typography":"custom","typography_font_family":"Open Sans","typography_font_size":{"unit":"px","size":17,"sizes":[]},"typography_font_weight":"600","typography_text_transform":"uppercase","_css_classes":"prefix-heading","_animation":"none"},"elements":[],"isInner":false,"widgetType":"heading","elType":"widget"},{"id":"2ebe7ec5","settings":{"title":"We design & build ultimate things","header_size":"h1","typography_typography":"custom","typography_font_family":"DM Serif Text","typography_font_size":{"unit":"px","size":54,"sizes":[]},"typography_font_weight":"400","typography_line_height":{"unit":"em","size":1.1,"sizes":[]}},"elements":[],"isInner":false,"widgetType":"heading","elType":"widget"}],"isInner":false,"elType":"column"},{"id":"3a3d41fd","settings":{"_column_size":50,"_inline_size":47.039},"elements":[],"isInner":false,"elType":"column"}],"isInner":false,"elType":"section"},{"id":"22d270b8","settings":{"gap":"no","margin":{"unit":"px","top":"30","right":0,"bottom":"66","left":0,"isLinked":false}},"elements":[{"id":"1cccba79","settings":{"_column_size":100,"_inline_size":null},"elements":[{"id":"2e3fb5e5","settings":{"structure":"20","gap":"no"},"elements":[{"id":"1ddafee2","settings":{"_column_size":50,"_inline_size":null},"elements":[{"id":"49fd1069","settings":{"editor":"Phasellus cursus nunc arcu, eget sollicitudin mi lacinia tempus. Donec ligula turpis, egestas at volutpat non, pellentesque ut nibh. Aliquam varius aliquam urna, sed bibendum leo dignissim ac. Phasellus quis leo sem turpis.","text_color":"#000000","typography_font_family":"Roboto","typography_font_weight":"400","__globals__":{"typography_typography":""}},"elements":[],"isInner":false,"widgetType":"text-editor","elType":"widget"}],"isInner":true,"elType":"column"},{"id":"ff072d4","settings":{"_column_size":50,"_inline_size":null},"elements":[{"id":"73f4d9ac","settings":{"editor":"Interdum et malesuada fames ac ante ipsum primis in faucibus. Donec nec felis sed magna euismod venenatis. Nulla sed varius est, ac viverra nisl. Cras nec purus erat. Pellentesque eget molestie risus, quis bibendum dui ornare condi.","text_color":"#000000"},"elements":[],"isInner":false,"widgetType":"text-editor","elType":"widget"}],"isInner":true,"elType":"column"}],"isInner":true,"elType":"section"}],"isInner":false,"elType":"column"}],"isInner":false,"elType":"section"},{"id":"7a05cf89","settings":{"stretch_section":"section-stretched","structure":"30","background_background":"classic","background_color":"#F8F5F2","padding":{"unit":"px","top":"80","right":"0","bottom":"10","left":"0","isLinked":false},"margin":{"unit":"px","top":"0","right":0,"bottom":"0","left":0,"isLinked":false},"gap":"custom","gap_columns_custom_tablet":{"unit":"px","size":38,"sizes":[]}},"elements":[{"id":"64ebf7ab","settings":{"_column_size":33,"_inline_size":null},"elements":[{"id":"1a2bf2ff","settings":{"align":"left","image":{"url":"http:\/\/portfolio.blacksailor.co.uk\/wp-content\/uploads\/2021\/02\/graphic-desing-icon.svg","id":585}},"elements":[],"isInner":false,"widgetType":"image","elType":"widget"},{"id":"2a1587b8","settings":{"title":"Graphic Design","header_size":"h4","typography_typography":"custom","typography_font_family":"Open Sans","typography_font_size":{"unit":"px","size":20,"sizes":[]},"typography_font_weight":"600"},"elements":[],"isInner":false,"widgetType":"heading","elType":"widget"},{"id":"539ef985","settings":{"editor":"<p>Track your physical activitiy throughout the day and motivates you adopt a healthy lifestyle.<\/p>"},"elements":[],"isInner":false,"widgetType":"text-editor","elType":"widget"}],"isInner":false,"elType":"column"},{"id":"484e562c","settings":{"_column_size":33,"_inline_size":null},"elements":[{"id":"4dce71e7","settings":{"align":"left","image":{"url":"http:\/\/portfolio.blacksailor.co.uk\/wp-content\/uploads\/2021\/02\/web-design-icon.svg","id":588}},"elements":[],"isInner":false,"widgetType":"image","elType":"widget"},{"id":"8a20176","settings":{"title":"Web Design","header_size":"h4","typography_typography":"custom","typography_font_family":"Open Sans","typography_font_size":{"unit":"px","size":20,"sizes":[]},"typography_font_weight":"600"},"elements":[],"isInner":false,"widgetType":"heading","elType":"widget"},{"id":"46456fc0","settings":{"editor":"<p>Track your physical activitiy throughout the day and motivates you adopt a healthy lifestyle.<\/p>"},"elements":[],"isInner":false,"widgetType":"text-editor","elType":"widget"}],"isInner":false,"elType":"column"},{"id":"24d755d2","settings":{"_column_size":33,"_inline_size":null},"elements":[{"id":"50d069fa","settings":{"align":"left","image":{"url":"http:\/\/portfolio.blacksailor.co.uk\/wp-content\/uploads\/2021\/02\/ux-icon.svg","id":587}},"elements":[],"isInner":false,"widgetType":"image","elType":"widget"},{"id":"56fa458","settings":{"title":"User Experience","header_size":"h4","typography_typography":"custom","typography_font_family":"Open Sans","typography_font_size":{"unit":"px","size":20,"sizes":[]},"typography_font_weight":"600"},"elements":[],"isInner":false,"widgetType":"heading","elType":"widget"},{"id":"47cf673e","settings":{"editor":"<p>Track your physical activitiy throughout the day and motivates you adopt a healthy lifestyle.<\/p>"},"elements":[],"isInner":false,"widgetType":"text-editor","elType":"widget"}],"isInner":false,"elType":"column"}],"isInner":false,"elType":"section"},{"id":"9a07be1","settings":{"stretch_section":"section-stretched","structure":"30","background_background":"classic","background_color":"#F8F5F2","padding":{"unit":"px","top":"0","right":"0","bottom":"60","left":"0","isLinked":false},"margin":{"unit":"px","top":"0","right":0,"bottom":"110","left":0,"isLinked":false},"gap":"custom","gap_columns_custom_tablet":{"unit":"px","size":38,"sizes":[]}},"elements":[{"id":"7142a65a","settings":{"_column_size":33,"_inline_size":null},"elements":[{"id":"48ffd72f","settings":{"align":"left","image":{"url":"http:\/\/portfolio.blacksailor.co.uk\/wp-content\/uploads\/2021\/02\/digital-marketing-icon.svg","id":584}},"elements":[],"isInner":false,"widgetType":"image","elType":"widget"},{"id":"23602843","settings":{"title":"Digital Marketing","header_size":"h4","typography_typography":"custom","typography_font_family":"Open Sans","typography_font_size":{"unit":"px","size":20,"sizes":[]},"typography_font_weight":"600"},"elements":[],"isInner":false,"widgetType":"heading","elType":"widget"},{"id":"12944de4","settings":{"editor":"<p>Track your physical activitiy throughout the day and motivates you adopt a healthy lifestyle.<\/p>"},"elements":[],"isInner":false,"widgetType":"text-editor","elType":"widget"}],"isInner":false,"elType":"column"},{"id":"3361b1ef","settings":{"_column_size":33,"_inline_size":null},"elements":[{"id":"4bf6743b","settings":{"align":"left","image":{"url":"http:\/\/portfolio.blacksailor.co.uk\/wp-content\/uploads\/2021\/02\/product-management-icon.svg","id":586}},"elements":[],"isInner":false,"widgetType":"image","elType":"widget"},{"id":"6a00cb5","settings":{"title":"Product Management","header_size":"h4","typography_typography":"custom","typography_font_family":"Open Sans","typography_font_size":{"unit":"px","size":20,"sizes":[]},"typography_font_weight":"600"},"elements":[],"isInner":false,"widgetType":"heading","elType":"widget"},{"id":"7f2a2908","settings":{"editor":"<p>Track your physical activitiy throughout the day and motivates you adopt a healthy lifestyle.<\/p>"},"elements":[],"isInner":false,"widgetType":"text-editor","elType":"widget"}],"isInner":false,"elType":"column"},{"id":"2dadabbf","settings":{"_column_size":33,"_inline_size":null},"elements":[],"isInner":false,"elType":"column"}],"isInner":false,"elType":"section"},{"id":"32eb2e1a","settings":{"structure":"20","gap":"no","margin":{"unit":"px","top":"60","right":0,"bottom":"30","left":0,"isLinked":false}},"elements":[{"id":"2d0205a1","settings":{"_column_size":50,"_inline_size":51.547},"elements":[{"id":"7226f778","settings":{"title":"Our Team","header_size":"span","title_color":"#010101","typography_typography":"custom","typography_font_family":"Open Sans","typography_font_size":{"unit":"px","size":17,"sizes":[]},"typography_font_weight":"600","typography_text_transform":"uppercase","_css_classes":"prefix-heading","_animation":"none"},"elements":[],"isInner":false,"widgetType":"heading","elType":"widget"},{"id":"70a16554","settings":{"title":"We work with some extra ordinary people","header_size":"h1","typography_typography":"custom","typography_font_family":"DM Serif Text","typography_font_size":{"unit":"px","size":54,"sizes":[]},"typography_font_weight":"400","typography_line_height":{"unit":"em","size":1.1,"sizes":[]}},"elements":[],"isInner":false,"widgetType":"heading","elType":"widget"}],"isInner":false,"elType":"column"},{"id":"2000f485","settings":{"_column_size":50,"_inline_size":48.405},"elements":[],"isInner":false,"elType":"column"}],"isInner":false,"elType":"section"},{"id":"a487181","settings":{"margin":{"unit":"px","top":"60","right":0,"bottom":"0","left":0,"isLinked":false},"padding":{"unit":"px","top":"0","right":"0","bottom":"0","left":"0","isLinked":true},"gap":"no"},"elements":[{"id":"4b5a13b2","settings":{"_column_size":100,"_inline_size":null},"elements":[{"id":"24bb4032","settings":{"slider_posts":["1437"],"category":"executives"},"elements":[],"isInner":false,"widgetType":"team-module","elType":"widget"}],"isInner":false,"elType":"column"}],"isInner":false,"elType":"section"},{"id":"3b794651","settings":{"stretch_section":"section-stretched","structure":"20","background_background":"classic","background_color":"#F8F5F2","margin":{"unit":"px","top":"75","right":0,"bottom":"0","left":0,"isLinked":false},"padding":{"unit":"px","top":"75","right":"0","bottom":"70","left":"0","isLinked":false},"gap":"custom","gap_columns_custom_tablet":{"unit":"px","size":38,"sizes":[]}},"elements":[{"id":"55b87cda","settings":{"_column_size":50,"_inline_size":null},"elements":[{"id":"373479cb","settings":{"title":"Our Clients","typography_typography":"custom","typography_font_family":"DM Serif Text","typography_font_weight":"400"},"elements":[],"isInner":false,"widgetType":"heading","elType":"widget"},{"id":"633353b1","settings":{"editor":"<p>Trusted by the worlds most innovative businesses - big and small<\/p>","_margin":{"unit":"px","top":"0","right":"0","bottom":"-45","left":"0","isLinked":false},"_padding":{"unit":"px","top":"0","right":"106","bottom":"0","left":"0","isLinked":false},"text_color":"#333333","typography_typography":"custom","typography_font_family":"Open Sans","typography_font_size":{"unit":"px","size":22,"sizes":[]},"typography_font_weight":"300"},"elements":[],"isInner":false,"widgetType":"text-editor","elType":"widget"},{"id":"2c77c85b","settings":{"image":{"id":589,"url":"http:\/\/portfolio.blacksailor.co.uk\/wp-content\/uploads\/2021\/02\/client-logos.png"},"image_size":"full","align":"left","_margin":{"unit":"px","top":"0","right":"0","bottom":"0","left":"0","isLinked":true},"_padding":{"unit":"px","top":"0","right":"0","bottom":"0","left":"0","isLinked":true}},"elements":[],"isInner":false,"widgetType":"image","elType":"widget"}],"isInner":false,"elType":"column"},{"id":"713cdb1f","settings":{"_column_size":50,"_inline_size":null},"elements":[{"id":"1b70415a","settings":{"list":[{"_id":"58cfa21","review":"We have got our 5 employees recruited from this job board, all of them proved to be exceptional. Moreover, managing job listings from a dedicated dashboard is a breeze.","author":"Clement Bruneau","position":"Director of Business Development"}],"testimonial":[{"_id":"7313cc1","review":"We have got our 5 employees recruited from this job board, all of them proved to be exceptional. Moreover, managing job listings from a dedicated dashboard is a breeze.","author":"Clement Bruneau","position":"Director of Business Development"},{"_id":"b73d9e5","review":"This is yet another review.","author":"Faisal Khurshid","position":"Front End Developer"}]},"elements":[],"isInner":false,"widgetType":"testimonial-module","elType":"widget"}],"isInner":false,"elType":"column"}],"isInner":false,"elType":"section"},{"id":"2eccb142","settings":{"gap":"no","structure":"20","margin":{"unit":"px","top":"90","right":0,"bottom":"0","left":0,"isLinked":false}},"elements":[{"id":"44f389df","settings":{"_column_size":50,"_inline_size":null},"elements":[{"id":"75777d97","settings":{"image":{"id":590,"url":"http:\/\/portfolio.blacksailor.co.uk\/wp-content\/uploads\/2021\/02\/about-studio-gallery-1.jpg"},"align":"left","image_size":"full","align_tablet":"center","_margin_tablet":{"unit":"px","top":"0","right":"0","bottom":"0","left":"0","isLinked":true},"_padding_tablet":{"unit":"px","top":"0","right":"0","bottom":"0","left":"0","isLinked":true}},"elements":[],"isInner":false,"widgetType":"image","elType":"widget"}],"isInner":false,"elType":"column"},{"id":"608070a2","settings":{"_column_size":50,"_inline_size":null},"elements":[{"id":"5eda66da","settings":{"image":{"id":591,"url":"http:\/\/portfolio.blacksailor.co.uk\/wp-content\/uploads\/2021\/02\/about-studio-gallery-2.jpg"},"image_size":"full","_margin_tablet":{"unit":"px","top":"60","right":"0","bottom":"0","left":"0","isLinked":false},"_margin_mobile":{"unit":"px","top":"45","right":"0","bottom":"0","left":"0","isLinked":false}},"elements":[],"isInner":false,"widgetType":"image","elType":"widget"},{"id":"735ae21c","settings":{"space":{"unit":"px","size":21,"sizes":[]}},"elements":[],"isInner":false,"widgetType":"spacer","elType":"widget"},{"id":"1dcae135","settings":{"image":{"id":592,"url":"http:\/\/portfolio.blacksailor.co.uk\/wp-content\/uploads\/2021\/02\/about-studio-gallery-3.jpg"}},"elements":[],"isInner":false,"widgetType":"image","elType":"widget"}],"isInner":false,"elType":"column"}],"isInner":false,"elType":"section"}]}