{"version":"0.4","title":"Portfolio &#8211; Compact","type":"page","content":[{"id":"c402c19","settings":[],"elements":[{"id":"45ff181c","settings":{"_column_size":100,"_inline_size":null},"elements":[{"id":"58f9a977","settings":{"editor":"Whale was seized and sold, and his Grace the Duke of Wellington received the money. Thinking that viewed in some particular lights, the case might by a bare possibility in some small degree\n","align":"center","text_color":"#000000","typography_typography":"custom","typography_font_family":"Open Sans","typography_font_size":{"unit":"px","size":23,"sizes":[]},"typography_font_weight":"300","typography_font_size_mobile":{"unit":"px","size":20,"sizes":[]}},"elements":[],"isInner":false,"widgetType":"text-editor","elType":"widget"},{"id":"57ac2a81","settings":{"orientation":"vertical","color_vertical":"#00000038"},"elements":[],"isInner":false,"widgetType":"custom-divider","elType":"widget"},{"id":"6807437d","settings":{"tabs":[{"meta_label":"Designer","meta_value":"Murat Celik","_id":"82997fe"},{"_id":"65686df","meta_label":"Photos","meta_value":"Matthieu Belin"},{"_id":"d9f4f0c","meta_label":"Date","meta_value":"Nov 2018"}]},"elements":[],"isInner":false,"widgetType":"meta-info","elType":"widget"},{"id":"12b305ef","settings":{"space":{"unit":"px","size":90,"sizes":[]}},"elements":[],"isInner":false,"widgetType":"spacer","elType":"widget"}],"isInner":false,"elType":"column"}],"isInner":false,"elType":"section"},{"id":"705899d7","settings":{"gap":"no"},"elements":[{"id":"7691062c","settings":{"_column_size":100,"_inline_size":null},"elements":[{"id":"cc01d77","settings":{"image":{"url":"http:\/\/portfolio.blacksailor.co.uk\/wp-content\/uploads\/2021\/02\/10.jpg","id":330}},"elements":[],"isInner":false,"widgetType":"image","elType":"widget"},{"id":"1ba99b8","settings":{"space":{"unit":"px","size":132,"sizes":[]},"space_mobile":{"unit":"px","size":41,"sizes":[]}},"elements":[],"isInner":false,"widgetType":"spacer","elType":"widget"}],"isInner":false,"elType":"column"}],"isInner":false,"elType":"section"},{"id":"4c767ba0","settings":{"gap":"no"},"elements":[{"id":"7a30a90a","settings":{"_column_size":100,"_inline_size":null},"elements":[{"id":"62b3d73a","settings":{"image":{"url":"http:\/\/portfolio.blacksailor.co.uk\/wp-content\/uploads\/2021\/02\/13.jpg","id":329}},"elements":[],"isInner":false,"widgetType":"image","elType":"widget"},{"id":"2f2690f0","settings":{"space":{"unit":"px","size":110,"sizes":[]},"space_mobile":{"unit":"px","size":25,"sizes":[]}},"elements":[],"isInner":false,"widgetType":"spacer","elType":"widget"}],"isInner":false,"elType":"column"}],"isInner":false,"elType":"section"},{"id":"752e8e55","settings":{"gap":"no"},"elements":[{"id":"2b95f287","settings":{"_column_size":100,"_inline_size":null},"elements":[{"id":"381b7ad3","settings":{"structure":"20","gap":"no"},"elements":[{"id":"55b7194b","settings":{"_column_size":50,"_inline_size":null},"elements":[{"id":"3503cb1d","settings":{"image":{"url":"http:\/\/portfolio.blacksailor.co.uk\/wp-content\/uploads\/2021\/02\/3-1.jpg","id":349},"_padding":{"unit":"px","top":"0","right":"15","bottom":"0","left":"0","isLinked":false},"_padding_mobile":{"unit":"px","top":"0","right":"0","bottom":"0","left":"0","isLinked":true}},"elements":[],"isInner":false,"widgetType":"image","elType":"widget"}],"isInner":true,"elType":"column"},{"id":"62e75a0d","settings":{"_column_size":50,"_inline_size":null},"elements":[{"id":"3716b063","settings":{"image":{"url":"http:\/\/portfolio.blacksailor.co.uk\/wp-content\/uploads\/2021\/02\/4.jpg","id":350},"_padding":{"unit":"px","top":"90","right":"0","bottom":"0","left":"15","isLinked":false},"_padding_mobile":{"unit":"px","top":"60","right":"0","bottom":"0","left":"0","isLinked":false}},"elements":[],"isInner":false,"widgetType":"image","elType":"widget"}],"isInner":true,"elType":"column"}],"isInner":true,"elType":"section"}],"isInner":false,"elType":"column"}],"isInner":false,"elType":"section"}],"page_settings":{"text":"Title"}}