{"version":"0.4","title":"About &#8211; Freelancer","type":"page","content":[{"id":"6c5faab6","settings":{"margin":{"unit":"px","top":"45","right":0,"bottom":"0","left":0,"isLinked":false}},"elements":[{"id":"7432c643","settings":{"_column_size":100,"_inline_size":null},"elements":[{"id":"15a72666","settings":{"editor":"Hi there! I\u2019m","typography_typography":"custom","typography_font_family":"Open Sans","typography_font_size":{"unit":"px","size":21,"sizes":[]},"typography_font_weight":"400","_margin":{"unit":"px","top":"0","right":"0","bottom":"-20","left":"0","isLinked":false}},"elements":[],"isInner":false,"widgetType":"text-editor","elType":"widget"},{"id":"52677641","settings":{"title":"Faisal Khurshid<br>\na <span style=\"color: #993300;\">User Experience Designer<\/span><br>\nbased in <span style=\"text-decoration: underline;\">Ottawa, Canada<\/span>","header_size":"h1","typography_typography":"custom","typography_font_family":"DM Serif Text","typography_font_size":{"unit":"px","size":48,"sizes":[]},"typography_font_weight":"400","typography_line_height":{"unit":"em","size":1.3,"sizes":[]},"typography_font_size_mobile":{"unit":"px","size":37,"sizes":[]}},"elements":[],"isInner":false,"widgetType":"heading","elType":"widget"}],"isInner":false,"elType":"column"}],"isInner":false,"elType":"section"},{"id":"43da9bcf","settings":[],"elements":[{"id":"6fd9618f","settings":{"_column_size":100,"_inline_size":null},"elements":[{"id":"2e09c545","settings":{"orientation":"vertical","color_vertical":"#02010138","gap":{"unit":"px","size":40,"sizes":[]}},"elements":[],"isInner":false,"widgetType":"custom-divider","elType":"widget"},{"id":"317bc530","settings":{"editor":"<strong>Faisal Khurshid<\/strong> is a painter from Argentina. He works in his little studio-home for galleries around the world. His work has been featured in the most important galleries in the five continents. Also, Kilian is one of the most recognizable painters in our time.","text_color":"#0F0F0F","typography_typography":"custom","typography_font_family":"Open Sans","typography_font_size":{"unit":"px","size":24,"sizes":[]},"typography_font_weight":"300","typography_font_size_mobile":{"unit":"px","size":20,"sizes":[]}},"elements":[],"isInner":false,"widgetType":"text-editor","elType":"widget"},{"id":"761b8e20","settings":{"editor":"<p>Doing great since 2011 from Argentina.<\/p>","typography_typography":"custom","typography_font_family":"Open Sans","typography_font_weight":"600"},"elements":[],"isInner":false,"widgetType":"text-editor","elType":"widget"},{"id":"7dd0524","settings":{"title":"Skills & Services","header_size":"h4","title_color":"#869DE8","typography_typography":"custom","typography_font_family":"Open Sans","typography_font_size":{"unit":"px","size":18,"sizes":[]},"typography_font_weight":"600","typography_text_transform":"uppercase","typography_letter_spacing":{"unit":"px","size":-0.1,"sizes":[]},"_margin":{"unit":"px","top":"5","right":"0","bottom":"0","left":"0","isLinked":false}},"elements":[],"isInner":false,"widgetType":"heading","elType":"widget"}],"isInner":false,"elType":"column"}],"isInner":false,"elType":"section"},{"id":"8a296cc","settings":{"gap":"no"},"elements":[{"id":"4c02cd14","settings":{"_column_size":100,"_inline_size":null},"elements":[{"id":"2140cc43","settings":{"structure":"20"},"elements":[{"id":"769599d1","settings":{"_column_size":50,"_inline_size":null},"elements":[{"id":"4db73777","settings":{"editor":"<p>- Digital Marketing<br \/>- User Experience<br \/>- Content Stratgey<br \/>- Information Architecute<br \/>- Market &amp; Design Resources<\/p>","text_color":"#121212","typography_typography":"custom","typography_font_family":"Open Sans","typography_font_size":{"unit":"px","size":17,"sizes":[]},"typography_font_weight":"400","typography_line_height":{"unit":"em","size":2.2,"sizes":[]}},"elements":[],"isInner":false,"widgetType":"text-editor","elType":"widget"}],"isInner":true,"elType":"column"},{"id":"732eb9da","settings":{"_column_size":50,"_inline_size":null},"elements":[{"id":"32da9cc9","settings":{"editor":"<p>- Brand Communication<br \/>- Application Interface<br \/>- Mobile Website &amp; Apps<br \/>- Corporate Websites<\/p>","text_color":"#121212","typography_typography":"custom","typography_font_family":"Open Sans","typography_font_size":{"unit":"px","size":17,"sizes":[]},"typography_font_weight":"400","typography_line_height":{"unit":"em","size":2.2,"sizes":[]}},"elements":[],"isInner":false,"widgetType":"text-editor","elType":"widget"}],"isInner":true,"elType":"column"}],"isInner":true,"elType":"section"}],"isInner":false,"elType":"column"}],"isInner":false,"elType":"section"},{"id":"66143029","settings":[],"elements":[{"id":"67b76717","settings":{"_column_size":100,"_inline_size":null},"elements":[{"id":"73501d8f","settings":{"text":"Send Message","link":{"url":"https:\/\/portfolio.blacksailor.co.uk\/contact-modern\/","is_external":"","nofollow":"","custom_attributes":""},"align":"justify","typography_typography":"custom","typography_font_family":"Open Sans","typography_font_size":{"unit":"px","size":16,"sizes":[]},"typography_font_weight":"600","typography_text_transform":"uppercase","typography_line_height":{"unit":"em","size":2,"sizes":[]},"typography_letter_spacing":{"unit":"px","size":0.7,"sizes":[]},"background_color":"#101010"},"elements":[],"isInner":false,"widgetType":"button","elType":"widget"}],"isInner":false,"elType":"column"}],"isInner":false,"elType":"section"}],"page_settings":{"text":"Title"}}