{"version":"0.4","title":"Portfolio &#8211; Full Width","type":"page","content":[{"id":"59f344b8","settings":{"structure":"30"},"elements":[{"id":"7ddc3932","settings":{"_column_size":33,"_inline_size":13.268},"elements":[],"isInner":false,"elType":"column"},{"id":"d2e41a9","settings":{"_column_size":33,"_inline_size":71.103},"elements":[{"id":"4f9c80c3","settings":{"editor":"Whale was seized and sold, and his Grace the Duke of Wellington received the money. Thinking that viewed in some particular lights, the case might by a bare possibility in some small degree\n","align":"center","text_color":"#000000","typography_typography":"custom","typography_font_family":"Open Sans","typography_font_size":{"unit":"px","size":23,"sizes":[]},"typography_font_weight":"300","typography_font_size_mobile":{"unit":"px","size":19,"sizes":[]}},"elements":[],"isInner":false,"widgetType":"text-editor","elType":"widget"}],"isInner":false,"elType":"column"},{"id":"3e2af217","settings":{"_column_size":33,"_inline_size":15.293},"elements":[],"isInner":false,"elType":"column"}],"isInner":false,"elType":"section"},{"id":"7b8661e2","settings":[],"elements":[{"id":"4db2359a","settings":{"_column_size":100,"_inline_size":null},"elements":[{"id":"1ddcca6f","settings":{"orientation":"vertical","color_vertical":"#AFAFAFFC"},"elements":[],"isInner":false,"widgetType":"custom-divider","elType":"widget"},{"id":"1f7fdb88","settings":{"tabs":[{"meta_label":"Concept","meta_value":"Moira Baxter","_id":"bc4de99"},{"_id":"c9f36e7","meta_label":"Designer","meta_value":"Tyler Baez"},{"_id":"6755f36","meta_label":"Date","meta_value":"Sep 2020"}]},"elements":[],"isInner":false,"widgetType":"meta-info","elType":"widget"},{"id":"22aa1823","settings":{"space":{"unit":"px","size":90,"sizes":[]}},"elements":[],"isInner":false,"widgetType":"spacer","elType":"widget"}],"isInner":false,"elType":"column"}],"isInner":false,"elType":"section"},{"id":"72e7b799","settings":{"gap":"no"},"elements":[{"id":"66a0535e","settings":{"_column_size":100,"_inline_size":null},"elements":[{"id":"6c1bf9f7","settings":{"image":{"url":"http:\/\/portfolio.blacksailor.co.uk\/wp-content\/uploads\/2021\/02\/9-1.jpg","id":484},"image_size":"full"},"elements":[],"isInner":false,"widgetType":"image","elType":"widget"}],"isInner":false,"elType":"column"}],"isInner":false,"elType":"section"},{"id":"212285f5","settings":{"structure":"20","margin":{"unit":"px","top":"40","right":0,"bottom":"0","left":0,"isLinked":false},"gap":"no"},"elements":[{"id":"4ff0305e","settings":{"_column_size":50,"_inline_size":null},"elements":[{"id":"1200482","settings":{"image":{"url":"http:\/\/portfolio.blacksailor.co.uk\/wp-content\/uploads\/2021\/02\/5.jpg","id":375},"_padding":{"unit":"px","top":"0","right":"20","bottom":"0","left":"0","isLinked":false},"_padding_mobile":{"unit":"px","top":"0","right":"0","bottom":"0","left":"0","isLinked":true}},"elements":[],"isInner":false,"widgetType":"image","elType":"widget"}],"isInner":false,"elType":"column"},{"id":"7837207a","settings":{"_column_size":50,"_inline_size":null},"elements":[{"id":"53d2c9a5","settings":{"image":{"url":"http:\/\/portfolio.blacksailor.co.uk\/wp-content\/uploads\/2021\/02\/10-1.jpg","id":376},"_padding":{"unit":"px","top":"0","right":"0","bottom":"0","left":"20","isLinked":false},"_padding_mobile":{"unit":"px","top":"45","right":"0","bottom":"0","left":"0","isLinked":false}},"elements":[],"isInner":false,"widgetType":"image","elType":"widget"}],"isInner":false,"elType":"column"}],"isInner":false,"elType":"section"},{"id":"7e66700f","settings":[],"elements":[{"id":"5c9f71","settings":{"_column_size":100,"_inline_size":null},"elements":[{"id":"64347e0c","settings":{"space":{"unit":"px","size":68,"sizes":[]}},"elements":[],"isInner":false,"widgetType":"spacer","elType":"widget"},{"id":"60476940","settings":{"title":"Art Direction","align":"center","title_color":"#989898","typography_typography":"custom","typography_font_family":"Open Sans","typography_font_size":{"unit":"px","size":16,"sizes":[]},"typography_font_weight":"400","typography_text_transform":"uppercase","typography_letter_spacing":{"unit":"px","size":0.6,"sizes":[]}},"elements":[],"isInner":false,"widgetType":"heading","elType":"widget"},{"id":"468fbf3","settings":{"editor":"New online shop experience. The brand fits perfectly the brief and genereates a 500% more engagement.","align":"center","text_color":"#000000","typography_typography":"custom","typography_font_family":"DM Serif Text","typography_font_size":{"unit":"px","size":40,"sizes":[]},"typography_font_weight":"400","typography_line_height":{"unit":"em","size":1.4,"sizes":[]},"_margin":{"unit":"px","top":"0","right":"0","bottom":"0","left":"0","isLinked":true},"_padding":{"unit":"px","top":"0","right":"160","bottom":"0","left":"160","isLinked":false},"typography_font_size_mobile":{"unit":"px","size":24,"sizes":[]},"_padding_tablet":{"unit":"px","top":"0","right":"0","bottom":"0","left":"0","isLinked":true},"_padding_mobile":{"unit":"px","top":"0","right":"0","bottom":"0","left":"0","isLinked":true}},"elements":[],"isInner":false,"widgetType":"text-editor","elType":"widget"},{"id":"3d2d9850","settings":{"space":{"unit":"px","size":89,"sizes":[]},"space_mobile":{"unit":"px","size":37,"sizes":[]}},"elements":[],"isInner":false,"widgetType":"spacer","elType":"widget"}],"isInner":false,"elType":"column"}],"isInner":false,"elType":"section"},{"id":"7df845a1","settings":{"gap":"no"},"elements":[{"id":"7783e935","settings":{"_column_size":100,"_inline_size":null},"elements":[{"id":"3f3d99af","settings":{"image":{"url":"http:\/\/portfolio.blacksailor.co.uk\/wp-content\/uploads\/2021\/02\/8-1.jpg","id":387},"image_size":"full"},"elements":[],"isInner":false,"widgetType":"image","elType":"widget"}],"isInner":false,"elType":"column"}],"isInner":false,"elType":"section"}],"page_settings":{"text":"Title"}}