{
    "key": "group_592cefdc2921e",
    "title": "Page Header",
    "fields": [
        {
            "key": "field_597abde7e20ba",
            "label": "Header Style",
            "name": "header_style",
            "type": "radio",
            "instructions": "",
            "required": 0,
            "conditional_logic": 0,
            "wrapper": {
                "width": "",
                "class": "acf-image-select",
                "id": ""
            },
            "choices": {
                "is_standard": "<img src=\"..\/..\/wp-content\/themes\/_nucleus\/admin\/metaboxes\/images\/standard-header.png\"><p>Standard Header<\/p>",
                "is_hero": "<img src=\"..\/..\/wp-content\/themes\/_nucleus\/admin\/metaboxes\/images\/hero-header.png\"><p>Hero Header<\/p>",
                "is_blank": "<img src=\"..\/..\/wp-content\/themes\/_nucleus\/admin\/metaboxes\/images\/blank-header.png\"><p>Blank Header<\/p>",
                "is_disabled": "<img src=\"..\/..\/wp-content\/themes\/_nucleus\/admin\/metaboxes\/images\/disable-header.png\"><p>Disable Header<\/p>"
            },
            "allow_null": 0,
            "other_choice": 0,
            "default_value": "is_standard",
            "layout": "horizontal",
            "return_format": "value",
            "save_other_choice": 0
        },
        {
            "key": "field_6015abdf38b6f",
            "label": "Page Title",
            "name": "header_title",
            "type": "text",
            "instructions": "Enter some text to replace default page title.",
            "required": 0,
            "conditional_logic": [
                [
                    {
                        "field": "field_597abde7e20ba",
                        "operator": "==",
                        "value": "is_standard"
                    }
                ],
                [
                    {
                        "field": "field_597abde7e20ba",
                        "operator": "==",
                        "value": "is_hero"
                    }
                ]
            ],
            "wrapper": {
                "width": "",
                "class": "",
                "id": ""
            },
            "default_value": "",
            "placeholder": "",
            "prepend": "",
            "append": "",
            "maxlength": ""
        },
        {
            "key": "field_6015ac1638b71",
            "label": "Page Subtitle",
            "name": "header_subtitle",
            "type": "text",
            "instructions": "Enter a succinct subtitle for the page.",
            "required": 0,
            "conditional_logic": [
                [
                    {
                        "field": "field_597abde7e20ba",
                        "operator": "==",
                        "value": "is_standard"
                    }
                ],
                [
                    {
                        "field": "field_597abde7e20ba",
                        "operator": "==",
                        "value": "is_hero"
                    }
                ]
            ],
            "wrapper": {
                "width": "",
                "class": "",
                "id": ""
            },
            "default_value": "",
            "placeholder": "",
            "prepend": "",
            "append": "",
            "maxlength": ""
        },
        {
            "key": "field_6015ab5b32f67",
            "label": "Backdrop Text",
            "name": "header_backdrop",
            "type": "text",
            "instructions": "Enter some backdrop text for your header.",
            "required": 0,
            "conditional_logic": [
                [
                    {
                        "field": "field_597abde7e20ba",
                        "operator": "==",
                        "value": "is_standard"
                    }
                ],
                [
                    {
                        "field": "field_597abde7e20ba",
                        "operator": "==",
                        "value": "is_hero"
                    }
                ]
            ],
            "wrapper": {
                "width": "",
                "class": "",
                "id": ""
            },
            "default_value": "",
            "placeholder": "",
            "prepend": "",
            "append": "",
            "maxlength": ""
        },
        {
            "key": "field_6015ace1d26f5",
            "label": "Text Size",
            "name": "header_text_size",
            "type": "radio",
            "instructions": "",
            "required": 0,
            "conditional_logic": [
                [
                    {
                        "field": "field_597abde7e20ba",
                        "operator": "==",
                        "value": "is_hero"
                    }
                ]
            ],
            "wrapper": {
                "width": "",
                "class": "",
                "id": ""
            },
            "choices": {
                "standard": "Standard",
                "large": "Large"
            },
            "allow_null": 0,
            "other_choice": 0,
            "default_value": "standard",
            "layout": "horizontal",
            "return_format": "value",
            "save_other_choice": 0
        },
        {
            "key": "field_6015a822c84c2",
            "label": "Header Icon",
            "name": "header_icon",
            "type": "image",
            "instructions": "This icon will be shown above page title.",
            "required": 0,
            "conditional_logic": [
                [
                    {
                        "field": "field_597abde7e20ba",
                        "operator": "==",
                        "value": "is_standard"
                    }
                ],
                [
                    {
                        "field": "field_597abde7e20ba",
                        "operator": "==",
                        "value": "is_hero"
                    }
                ]
            ],
            "wrapper": {
                "width": "",
                "class": "",
                "id": ""
            },
            "return_format": "url",
            "preview_size": "medium",
            "library": "all",
            "min_width": "",
            "min_height": "",
            "min_size": "",
            "max_width": "",
            "max_height": "",
            "max_size": "",
            "mime_types": ""
        },
        {
            "key": "field_5977b47719622",
            "label": "Header Button",
            "name": "header_button",
            "type": "link",
            "instructions": "",
            "required": 0,
            "conditional_logic": [
                [
                    {
                        "field": "field_597abde7e20ba",
                        "operator": "==",
                        "value": "is_hero"
                    }
                ]
            ],
            "wrapper": {
                "width": "",
                "class": "",
                "id": ""
            },
            "return_format": "array"
        },
        {
            "key": "field_602833c75647c",
            "label": "Disable Header Border",
            "name": "header_disable_border",
            "type": "true_false",
            "instructions": "",
            "required": 0,
            "conditional_logic": [
                [
                    {
                        "field": "field_597abde7e20ba",
                        "operator": "==",
                        "value": "is_standard"
                    }
                ]
            ],
            "wrapper": {
                "width": "",
                "class": "",
                "id": ""
            },
            "message": "Check this box to disable header border",
            "default_value": 0,
            "ui": 0,
            "ui_on_text": "",
            "ui_off_text": ""
        }
    ],
    "location": [
        [
            {
                "param": "post_type",
                "operator": "==",
                "value": "page"
            },
            {
                "param": "post_template",
                "operator": "!=",
                "value": "template-portfolio.php"
            }
        ],
        [
            {
                "param": "post_type",
                "operator": "==",
                "value": "portfolio"
            }
        ]
    ],
    "menu_order": 10,
    "position": "normal",
    "style": "default",
    "label_placement": "top",
    "instruction_placement": "label",
    "hide_on_screen": "",
    "active": true,
    "description": "",
    "modified": 1615028478
}