{
    "key": "group_6006c97948cab",
    "title": "Portfolio Settings",
    "fields": [
        {
            "key": "field_6006c987a8e4e",
            "label": "Portfolio Style",
            "name": "portfolio_style",
            "type": "radio",
            "instructions": "",
            "required": 1,
            "conditional_logic": 0,
            "wrapper": {
                "width": "",
                "class": "",
                "id": ""
            },
            "choices": {
                "classic": "Classic",
                "horizon": "Horizon",
                "spotlight": "Spotlight",
                "textual": "Textual",
                "forza": "Forza",
                "columns": "Columns"
            },
            "allow_null": 0,
            "other_choice": 0,
            "default_value": "classic",
            "layout": "horizontal",
            "return_format": "value",
            "save_other_choice": 0
        },
        {
            "key": "field_60241e6393f37",
            "label": "Portfolio Categories",
            "name": "portfolio_categories",
            "type": "taxonomy",
            "instructions": "Choose the categories to populate the portfolio from. Keep blank to populate from all categories.",
            "required": 0,
            "conditional_logic": 0,
            "wrapper": {
                "width": "",
                "class": "",
                "id": ""
            },
            "taxonomy": "portfolio_category",
            "field_type": "multi_select",
            "allow_null": 1,
            "add_term": 1,
            "save_terms": 0,
            "load_terms": 0,
            "return_format": "id",
            "multiple": 0
        },
        {
            "key": "field_602422714d1ef",
            "label": "Featured Posts",
            "name": "portfolio_featured_posts",
            "type": "post_object",
            "instructions": "Choose the featured projects for this portfolio.",
            "required": 0,
            "conditional_logic": 0,
            "wrapper": {
                "width": "",
                "class": "",
                "id": ""
            },
            "post_type": [
                "portfolio"
            ],
            "taxonomy": "",
            "allow_null": 0,
            "multiple": 1,
            "return_format": "id",
            "ui": 1
        },
        {
            "key": "field_60244063caf44",
            "label": "Slide Duration",
            "name": "portfolio_slide_duration",
            "type": "number",
            "instructions": "Enter slide duration in seconds.",
            "required": 0,
            "conditional_logic": [
                [
                    {
                        "field": "field_6006c987a8e4e",
                        "operator": "==",
                        "value": "horizon"
                    }
                ],
                [
                    {
                        "field": "field_6006c987a8e4e",
                        "operator": "==",
                        "value": "spotlight"
                    }
                ],
                [
                    {
                        "field": "field_6006c987a8e4e",
                        "operator": "==",
                        "value": "columns"
                    }
                ]
            ],
            "wrapper": {
                "width": "",
                "class": "",
                "id": ""
            },
            "default_value": 8,
            "placeholder": "",
            "prepend": "",
            "append": "seconds",
            "min": "",
            "max": "",
            "step": ""
        },
        {
            "key": "field_60241bf4d16ca",
            "label": "No. of Folios",
            "name": "portfolio_count",
            "type": "number",
            "instructions": "",
            "required": 1,
            "conditional_logic": [
                [
                    {
                        "field": "field_6006c987a8e4e",
                        "operator": "==",
                        "value": "classic"
                    }
                ]
            ],
            "wrapper": {
                "width": "",
                "class": "",
                "id": ""
            },
            "default_value": 8,
            "placeholder": "",
            "prepend": "",
            "append": "",
            "min": 1,
            "max": "",
            "step": ""
        },
        {
            "key": "field_60241addd16c8",
            "label": "No. of Columns",
            "name": "portfolio_columns_count",
            "type": "radio",
            "instructions": "",
            "required": 1,
            "conditional_logic": [
                [
                    {
                        "field": "field_6006c987a8e4e",
                        "operator": "==",
                        "value": "classic"
                    }
                ]
            ],
            "wrapper": {
                "width": "",
                "class": "",
                "id": ""
            },
            "choices": {
                "2": "2 Columns",
                "3": "3 Columns",
                "4": "4 Columns",
                "5": "5 Columns",
                "6": "6 Columns"
            },
            "allow_null": 0,
            "other_choice": 0,
            "default_value": 4,
            "layout": "horizontal",
            "return_format": "value",
            "save_other_choice": 0
        },
        {
            "key": "field_60241b7dd16c9",
            "label": "Gutter Size",
            "name": "portfolio_gutter_size",
            "type": "number",
            "instructions": "The space between portfolio columns in pixels.",
            "required": 1,
            "conditional_logic": [
                [
                    {
                        "field": "field_6006c987a8e4e",
                        "operator": "==",
                        "value": "classic"
                    }
                ]
            ],
            "wrapper": {
                "width": "",
                "class": "",
                "id": ""
            },
            "default_value": 30,
            "placeholder": "",
            "prepend": "",
            "append": "",
            "min": 0,
            "max": 200,
            "step": 1
        },
        {
            "key": "field_60241837013f1",
            "label": "Caption Style",
            "name": "portfolio_caption_style",
            "type": "select",
            "instructions": "",
            "required": 1,
            "conditional_logic": [
                [
                    {
                        "field": "field_6006c987a8e4e",
                        "operator": "==",
                        "value": "classic"
                    }
                ]
            ],
            "wrapper": {
                "width": "",
                "class": "",
                "id": ""
            },
            "choices": {
                "overlay": "Overlay",
                "float": "Floating"
            },
            "default_value": [
                "overlay"
            ],
            "allow_null": 0,
            "multiple": 0,
            "ui": 0,
            "return_format": "value",
            "ajax": 0,
            "placeholder": ""
        },
        {
            "key": "field_602418cf013f4",
            "label": "Image Filters",
            "name": "portfolio_image_filters",
            "type": "select",
            "instructions": "This applies while hovering.",
            "required": 1,
            "conditional_logic": [
                [
                    {
                        "field": "field_6006c987a8e4e",
                        "operator": "==",
                        "value": "classic"
                    }
                ]
            ],
            "wrapper": {
                "width": "",
                "class": "",
                "id": ""
            },
            "choices": {
                "none": "None",
                "grayscale": "Grayscale",
                "blur": "Blur"
            },
            "default_value": [
                "none"
            ],
            "allow_null": 0,
            "multiple": 0,
            "ui": 0,
            "return_format": "value",
            "ajax": 0,
            "placeholder": ""
        },
        {
            "key": "field_6024192e013f5",
            "label": "Image Effects",
            "name": "portfolio_image_effects",
            "type": "select",
            "instructions": "This applies while hovering.",
            "required": 1,
            "conditional_logic": [
                [
                    {
                        "field": "field_6006c987a8e4e",
                        "operator": "==",
                        "value": "classic"
                    }
                ]
            ],
            "wrapper": {
                "width": "",
                "class": "",
                "id": ""
            },
            "choices": {
                "none": "None",
                "parallax": "Parallax",
                "zoom": "Zoom",
                "change": "Change Image"
            },
            "default_value": [
                "none"
            ],
            "allow_null": 0,
            "multiple": 0,
            "ui": 0,
            "return_format": "value",
            "ajax": 0,
            "placeholder": ""
        },
        {
            "key": "field_602506b65a401",
            "label": "Portfolio Caption",
            "name": "portfolio_caption",
            "type": "text",
            "instructions": "",
            "required": 0,
            "conditional_logic": [
                [
                    {
                        "field": "field_6006c987a8e4e",
                        "operator": "==",
                        "value": "columns"
                    }
                ]
            ],
            "wrapper": {
                "width": "",
                "class": "",
                "id": ""
            },
            "default_value": "",
            "placeholder": "",
            "prepend": "",
            "append": "",
            "maxlength": ""
        },
        {
            "key": "field_602506e65a402",
            "label": "Portfolio Button",
            "name": "portfolio_button",
            "type": "link",
            "instructions": "",
            "required": 0,
            "conditional_logic": [
                [
                    {
                        "field": "field_6006c987a8e4e",
                        "operator": "==",
                        "value": "columns"
                    }
                ]
            ],
            "wrapper": {
                "width": "",
                "class": "",
                "id": ""
            },
            "return_format": "array"
        },
        {
            "key": "field_601c0844decd2",
            "label": "Pagination Type",
            "name": "portfolio_pagination",
            "type": "radio",
            "instructions": "Choose a pagination type for your portfolio.",
            "required": 1,
            "conditional_logic": [
                [
                    {
                        "field": "field_6006c987a8e4e",
                        "operator": "==",
                        "value": "classic"
                    }
                ]
            ],
            "wrapper": {
                "width": "",
                "class": "",
                "id": ""
            },
            "choices": {
                "button": "Load More",
                "number": "Numbered",
                "scroll": "Infinite Scroll"
            },
            "allow_null": 0,
            "other_choice": 0,
            "default_value": "load-more",
            "layout": "horizontal",
            "return_format": "value",
            "save_other_choice": 0
        }
    ],
    "location": [
        [
            {
                "param": "page_template",
                "operator": "==",
                "value": "template-portfolio.php"
            }
        ]
    ],
    "menu_order": 0,
    "position": "normal",
    "style": "default",
    "label_placement": "top",
    "instruction_placement": "label",
    "hide_on_screen": [
        "the_content",
        "discussion",
        "comments"
    ],
    "active": true,
    "description": "",
    "modified": 1614607602
}