{
    "key": "group_6016d5adaf356",
    "title": "Header & Footer",
    "fields": [
        {
            "key": "field_6016d5ed110df",
            "label": "Site Header",
            "name": "site_header",
            "type": "select",
            "instructions": "Select a layout for your site header.",
            "required": 1,
            "conditional_logic": 0,
            "wrapper": {
                "width": "",
                "class": "",
                "id": ""
            },
            "choices": {
                "global": "Global",
                "v1": "Version 1",
                "v2": "Version 2",
                "v3": "Version 3",
                "v4": "Version 4",
                "v5": "Version 5"
            },
            "default_value": [
                "global"
            ],
            "allow_null": 0,
            "multiple": 0,
            "ui": 0,
            "return_format": "value",
            "ajax": 0,
            "placeholder": ""
        },
        {
            "key": "field_6016d690110e0",
            "label": "Site Footer",
            "name": "site_footer",
            "type": "select",
            "instructions": "Select a layout for your site footer.",
            "required": 1,
            "conditional_logic": 0,
            "wrapper": {
                "width": "",
                "class": "",
                "id": ""
            },
            "choices": {
                "global": "Global",
                "v1": "Version 1",
                "v2": "Version 2"
            },
            "default_value": [
                "global"
            ],
            "allow_null": 0,
            "multiple": 0,
            "ui": 0,
            "return_format": "value",
            "ajax": 0,
            "placeholder": ""
        }
    ],
    "location": [
        [
            {
                "param": "post_type",
                "operator": "==",
                "value": "page"
            }
        ],
        [
            {
                "param": "post_type",
                "operator": "==",
                "value": "portfolio"
            }
        ],
        [
            {
                "param": "post_type",
                "operator": "==",
                "value": "post"
            }
        ]
    ],
    "menu_order": 0,
    "position": "side",
    "style": "default",
    "label_placement": "top",
    "instruction_placement": "label",
    "hide_on_screen": "",
    "active": 1,
    "description": "",
    "modified": 1613329756
}