{
    "key": "group_6028314054b43",
    "title": "Page Content",
    "fields": [
        {
            "key": "field_6028314831c2e",
            "label": "Content Width",
            "name": "page_content_width",
            "type": "radio",
            "instructions": "What should be the starting content width?",
            "required": 1,
            "conditional_logic": 0,
            "wrapper": {
                "width": "",
                "class": "",
                "id": ""
            },
            "choices": {
                "compact": "Compact",
                "full-width": "Full Width"
            },
            "allow_null": 0,
            "other_choice": 0,
            "default_value": "compact",
            "layout": "horizontal",
            "return_format": "value",
            "save_other_choice": 0
        },
        {
            "key": "field_60452cea3ce75",
            "label": "Disable Sidebar",
            "name": "page_disable_sidebar",
            "type": "true_false",
            "instructions": "",
            "required": 0,
            "conditional_logic": 0,
            "wrapper": {
                "width": "",
                "class": "",
                "id": ""
            },
            "message": "Disable Page Sidebar",
            "default_value": 0,
            "ui": 0,
            "ui_on_text": "",
            "ui_off_text": ""
        }
    ],
    "location": [
        [
            {
                "param": "post_type",
                "operator": "==",
                "value": "page"
            }
        ],
        [
            {
                "param": "post_type",
                "operator": "==",
                "value": "portfolio"
            }
        ]
    ],
    "menu_order": 0,
    "position": "normal",
    "style": "default",
    "label_placement": "top",
    "instruction_placement": "label",
    "hide_on_screen": "",
    "active": true,
    "description": "",
    "modified": 1615146325
}