{
    "key": "group_592cefdc2921e",
    "title": "Page Header",
    "fields": [
        {
            "key": "field_597bd6316145b",
            "label": "Header Text",
            "name": "header_text",
            "type": "group",
            "instructions": "",
            "required": 0,
            "conditional_logic": 0,
            "wrapper": {
                "width": "",
                "class": "",
                "id": ""
            },
            "layout": "block",
            "sub_fields": [
                {
                    "ID": 299,
                    "key": "field_597bd6466145c",
                    "label": "Title",
                    "name": "title",
                    "prefix": "acf",
                    "type": "text",
                    "value": null,
                    "menu_order": 0,
                    "instructions": "By default show page title.",
                    "required": 0,
                    "id": "",
                    "class": "",
                    "conditional_logic": 0,
                    "parent": 298,
                    "wrapper": {
                        "width": "50",
                        "class": "",
                        "id": ""
                    },
                    "_name": "title",
                    "_prepare": 0,
                    "_valid": 1,
                    "default_value": "",
                    "placeholder": "",
                    "prepend": "",
                    "append": "",
                    "maxlength": ""
                },
                {
                    "ID": 300,
                    "key": "field_597bd6546145d",
                    "label": "Subtitle",
                    "name": "subtitle",
                    "prefix": "acf",
                    "type": "text",
                    "value": null,
                    "menu_order": 1,
                    "instructions": "Is empty by default.",
                    "required": 0,
                    "id": "",
                    "class": "",
                    "conditional_logic": 0,
                    "parent": 298,
                    "wrapper": {
                        "width": "50",
                        "class": "",
                        "id": ""
                    },
                    "_name": "subtitle",
                    "_prepare": 0,
                    "_valid": 1,
                    "default_value": "",
                    "placeholder": "",
                    "prepend": "",
                    "append": "",
                    "maxlength": ""
                }
            ]
        },
        {
            "key": "field_5977b47719622",
            "label": "Header Button",
            "name": "header_button",
            "type": "link",
            "instructions": "",
            "required": 0,
            "conditional_logic": 0,
            "wrapper": {
                "width": "",
                "class": "",
                "id": ""
            },
            "return_format": "array"
        },
        {
            "key": "field_597abde7e20ba",
            "label": "Header Configuration",
            "name": "header_configuration",
            "type": "checkbox",
            "instructions": "",
            "required": 0,
            "conditional_logic": 0,
            "wrapper": {
                "width": "",
                "class": "",
                "id": ""
            },
            "choices": {
                "is_hero": "Make it Hero Header <small>(extends to whole viewport height)<\/small>",
                "is_blank": "Make it Blank <small>(hides title, subtitle and button but the header still takes space)<\/small>",
                "is_disabled": "Make it Disabled <small>(disable the header, if checked, header will not take any space)<\/small>"
            },
            "allow_custom": 0,
            "save_custom": 0,
            "default_value": [],
            "layout": "vertical",
            "toggle": 0,
            "return_format": "value"
        },
        {
            "key": "field_597abe2be20bb",
            "label": "Position",
            "name": "header_position",
            "type": "group",
            "instructions": "",
            "required": 0,
            "conditional_logic": [
                [
                    {
                        "field": "field_597abde7e20ba",
                        "operator": "==",
                        "value": "hero"
                    }
                ]
            ],
            "wrapper": {
                "width": "",
                "class": "",
                "id": ""
            },
            "layout": "block",
            "sub_fields": [
                {
                    "ID": 243,
                    "key": "field_597abe58e20bc",
                    "label": "Horizontal Position",
                    "name": "horizontal_position",
                    "prefix": "acf",
                    "type": "select",
                    "value": null,
                    "menu_order": 0,
                    "instructions": "",
                    "required": 0,
                    "id": "",
                    "class": "",
                    "conditional_logic": 0,
                    "parent": 242,
                    "wrapper": {
                        "width": "50",
                        "class": "",
                        "id": ""
                    },
                    "_name": "horizontal_position",
                    "_prepare": 0,
                    "_valid": 1,
                    "choices": {
                        "left": "Left",
                        "center": "Center",
                        "right": "Right"
                    },
                    "default_value": [
                        "center"
                    ],
                    "allow_null": 0,
                    "multiple": 0,
                    "ui": 0,
                    "ajax": 0,
                    "return_format": "value",
                    "placeholder": ""
                },
                {
                    "ID": 244,
                    "key": "field_597abe99e20bd",
                    "label": "Vertical Position",
                    "name": "vertical_position",
                    "prefix": "acf",
                    "type": "select",
                    "value": null,
                    "menu_order": 1,
                    "instructions": "",
                    "required": 0,
                    "id": "",
                    "class": "",
                    "conditional_logic": 0,
                    "parent": 242,
                    "wrapper": {
                        "width": "50",
                        "class": "",
                        "id": ""
                    },
                    "_name": "vertical_position",
                    "_prepare": 0,
                    "_valid": 1,
                    "choices": {
                        "top": "Top",
                        "middle": "Middle",
                        "bottom": "Bottom"
                    },
                    "default_value": [
                        "middle"
                    ],
                    "allow_null": 0,
                    "multiple": 0,
                    "ui": 0,
                    "ajax": 0,
                    "return_format": "value",
                    "placeholder": ""
                }
            ]
        }
    ],
    "location": [
        [
            {
                "param": "post_type",
                "operator": "==",
                "value": "page"
            }
        ],
        [
            {
                "param": "post_type",
                "operator": "==",
                "value": "portfolio"
            }
        ]
    ],
    "menu_order": 10,
    "position": "normal",
    "style": "default",
    "label_placement": "top",
    "instruction_placement": "label",
    "hide_on_screen": "",
    "active": 1,
    "description": "",
    "modified": 1501798040
}