{
    "key": "group_593775b43e642",
    "title": "Layout Builder",
    "fields": [
        {
            "key": "field_593775ccc5588",
            "label": "Page Sections",
            "name": "page_sections",
            "type": "flexible_content",
            "instructions": "",
            "required": 0,
            "conditional_logic": 0,
            "wrapper": {
                "width": "",
                "class": "",
                "id": ""
            },
            "button_label": "Add Module",
            "min": "",
            "max": "",
            "layouts": [
                {
                    "key": "5937760c6eac4",
                    "name": "text_module",
                    "label": "Text Module",
                    "display": "row",
                    "sub_fields": [
                        {
                            "key": "field_593858062073c",
                            "label": "General",
                            "name": "",
                            "type": "tab",
                            "instructions": "",
                            "required": 0,
                            "conditional_logic": 0,
                            "wrapper": {
                                "width": "",
                                "class": "",
                                "id": ""
                            },
                            "placement": "top",
                            "endpoint": 0
                        },
                        {
                            "key": "field_59382ffad783e",
                            "label": "Container",
                            "name": "container",
                            "type": "radio",
                            "instructions": "",
                            "required": 0,
                            "conditional_logic": 0,
                            "wrapper": {
                                "width": "",
                                "class": "",
                                "id": ""
                            },
                            "choices": {
                                "boxed": "Boxed",
                                "site-wide": "Site Wide"
                            },
                            "allow_null": 0,
                            "other_choice": 0,
                            "save_other_choice": 0,
                            "default_value": "boxed",
                            "layout": "horizontal",
                            "return_format": "value"
                        },
                        {
                            "key": "field_593819b486c90",
                            "label": "Column Width",
                            "name": "column_span",
                            "type": "select",
                            "instructions": "Assuming a full-width row is equal to six columns.",
                            "required": 1,
                            "conditional_logic": 0,
                            "wrapper": {
                                "width": "",
                                "class": "",
                                "id": ""
                            },
                            "choices": {
                                "6": "6 Columns",
                                "5": "5 Columns",
                                "4": "4 Columns",
                                "3": "3 Columns",
                                "2": "2 Columns",
                                "1": "1 Column"
                            },
                            "default_value": [
                                6
                            ],
                            "allow_null": 0,
                            "multiple": 0,
                            "ui": 0,
                            "ajax": 0,
                            "return_format": "value",
                            "placeholder": ""
                        },
                        {
                            "key": "field_59383388211a4",
                            "label": "Column Alignment",
                            "name": "column_align",
                            "type": "radio",
                            "instructions": "",
                            "required": 1,
                            "conditional_logic": 0,
                            "wrapper": {
                                "width": "",
                                "class": "",
                                "id": ""
                            },
                            "choices": {
                                "align-left": "Align Left",
                                "align-center": "Align Center",
                                "align-right": "Align Right"
                            },
                            "allow_null": 0,
                            "other_choice": 0,
                            "save_other_choice": 0,
                            "default_value": "align-center",
                            "layout": "horizontal",
                            "return_format": "value"
                        },
                        {
                            "key": "field_593778243efd3",
                            "label": "Content",
                            "name": "content",
                            "type": "wysiwyg",
                            "instructions": "",
                            "required": 0,
                            "conditional_logic": 0,
                            "wrapper": {
                                "width": "",
                                "class": "",
                                "id": ""
                            },
                            "default_value": "",
                            "tabs": "all",
                            "toolbar": "full",
                            "media_upload": 1,
                            "delay": 0
                        },
                        {
                            "key": "field_593858242073e",
                            "label": "Advanced",
                            "name": "",
                            "type": "tab",
                            "instructions": "",
                            "required": 0,
                            "conditional_logic": 0,
                            "wrapper": {
                                "width": "",
                                "class": "",
                                "id": ""
                            },
                            "placement": "top",
                            "endpoint": 0
                        },
                        {
                            "key": "field_593858a020743",
                            "label": "Margin",
                            "name": "margin",
                            "type": "text",
                            "instructions": "Format: top right bottom left<br>e.g. '10px 0 20px 5px' will add 10px to top, 0 to left, 20px to bottom and 5px to the left.",
                            "required": 0,
                            "conditional_logic": 0,
                            "wrapper": {
                                "width": "",
                                "class": "",
                                "id": ""
                            },
                            "default_value": "",
                            "placeholder": "top right bottom left",
                            "prepend": "",
                            "append": "",
                            "maxlength": ""
                        },
                        {
                            "key": "field_59385f7773616",
                            "label": "Padding",
                            "name": "padding",
                            "type": "text",
                            "instructions": "Format: top right bottom left<br>e.g. '10px 0 20px 5px' will add 10px to top, 0 to left, 20px to bottom and 5px to the left.",
                            "required": 0,
                            "conditional_logic": 0,
                            "wrapper": {
                                "width": "",
                                "class": "",
                                "id": ""
                            },
                            "default_value": "",
                            "placeholder": "top right bottom left",
                            "prepend": "",
                            "append": "",
                            "maxlength": ""
                        }
                    ],
                    "min": "",
                    "max": ""
                },
                {
                    "key": "593849b0f14a3",
                    "name": "meta_info_module",
                    "label": "Meta Info Module",
                    "display": "row",
                    "sub_fields": [
                        {
                            "key": "field_59384c32e7498",
                            "label": "Fields Alignment",
                            "name": "fields_align",
                            "type": "radio",
                            "instructions": "",
                            "required": 1,
                            "conditional_logic": 0,
                            "wrapper": {
                                "width": "",
                                "class": "",
                                "id": ""
                            },
                            "choices": {
                                "align-left": "Align Left",
                                "align-center": "Align Center",
                                "align-right": "Align Right"
                            },
                            "allow_null": 0,
                            "other_choice": 0,
                            "save_other_choice": 0,
                            "default_value": "align-center",
                            "layout": "horizontal",
                            "return_format": "value"
                        },
                        {
                            "key": "field_593849bef14a4",
                            "label": "Meta Fields",
                            "name": "meta_fields",
                            "type": "repeater",
                            "instructions": "",
                            "required": 0,
                            "conditional_logic": 0,
                            "wrapper": {
                                "width": "",
                                "class": "",
                                "id": ""
                            },
                            "collapsed": "",
                            "min": 0,
                            "max": 0,
                            "layout": "table",
                            "button_label": "",
                            "sub_fields": [
                                {
                                    "key": "field_593849d5f14a5",
                                    "label": "Label",
                                    "name": "label",
                                    "type": "text",
                                    "instructions": "",
                                    "required": 1,
                                    "conditional_logic": 0,
                                    "wrapper": {
                                        "width": "",
                                        "class": "",
                                        "id": ""
                                    },
                                    "default_value": "",
                                    "placeholder": "",
                                    "prepend": "",
                                    "append": "",
                                    "maxlength": ""
                                },
                                {
                                    "key": "field_593849dff14a6",
                                    "label": "Value",
                                    "name": "value",
                                    "type": "text",
                                    "instructions": "",
                                    "required": 1,
                                    "conditional_logic": 0,
                                    "wrapper": {
                                        "width": "",
                                        "class": "",
                                        "id": ""
                                    },
                                    "default_value": "",
                                    "placeholder": "",
                                    "prepend": "",
                                    "append": "",
                                    "maxlength": ""
                                }
                            ]
                        }
                    ],
                    "min": "",
                    "max": ""
                },
                {
                    "key": "59384430c556f",
                    "name": "divider_module",
                    "label": "Divider Module",
                    "display": "row",
                    "sub_fields": [
                        {
                            "key": "field_59384448c5570",
                            "label": "Orientation",
                            "name": "orientation",
                            "type": "radio",
                            "instructions": "",
                            "required": 1,
                            "conditional_logic": 0,
                            "wrapper": {
                                "width": "",
                                "class": "",
                                "id": ""
                            },
                            "choices": {
                                "vertical": "Vertical",
                                "horizontal": "Horizontal"
                            },
                            "allow_null": 0,
                            "other_choice": 0,
                            "save_other_choice": 0,
                            "default_value": "vertical",
                            "layout": "horizontal",
                            "return_format": "value"
                        },
                        {
                            "key": "field_59384471c5571",
                            "label": "Height",
                            "name": "height",
                            "type": "number",
                            "instructions": "Provide value in pixels. Although, don't write the word 'px' at the end.",
                            "required": 1,
                            "conditional_logic": 0,
                            "wrapper": {
                                "width": "",
                                "class": "",
                                "id": ""
                            },
                            "default_value": 70,
                            "placeholder": "",
                            "prepend": "",
                            "append": "",
                            "min": "",
                            "max": "",
                            "step": ""
                        }
                    ],
                    "min": "",
                    "max": ""
                },
                {
                    "key": "5937784c3efd4",
                    "name": "oembed_module",
                    "label": "oEmbed Module",
                    "display": "block",
                    "sub_fields": [
                        {
                            "key": "field_5937784e3efd5",
                            "label": "content",
                            "name": "content",
                            "type": "oembed",
                            "instructions": "",
                            "required": 0,
                            "conditional_logic": 0,
                            "wrapper": {
                                "width": "",
                                "class": "",
                                "id": ""
                            },
                            "width": "",
                            "height": ""
                        }
                    ],
                    "min": "",
                    "max": ""
                }
            ]
        }
    ],
    "location": [
        [
            {
                "param": "post_type",
                "operator": "==",
                "value": "portfolio"
            }
        ]
    ],
    "menu_order": 1,
    "position": "acf_after_title",
    "style": "default",
    "label_placement": "top",
    "instruction_placement": "label",
    "hide_on_screen": "",
    "active": 0,
    "description": "",
    "modified": 1496883181
}