{
    "key": "group_592ced5df197b",
    "title": "Page Style",
    "fields": [
        {
            "key": "field_59362b6168bbb",
            "label": "General",
            "name": "",
            "type": "tab",
            "instructions": "",
            "required": 0,
            "conditional_logic": 0,
            "wrapper": {
                "width": "",
                "class": "",
                "id": ""
            },
            "placement": "top",
            "endpoint": 0
        },
        {
            "key": "field_5977b056496e0",
            "label": "Accent Colors",
            "name": "accent_colors",
            "type": "group",
            "instructions": "",
            "required": 0,
            "conditional_logic": 0,
            "wrapper": {
                "width": "",
                "class": "",
                "id": ""
            },
            "layout": "block",
            "sub_fields": [
                {
                    "ID": 195,
                    "key": "field_5977b07b496e1",
                    "label": "Primary Accent",
                    "name": "primary_accent",
                    "prefix": "acf",
                    "type": "color_picker",
                    "value": null,
                    "menu_order": 0,
                    "instructions": "",
                    "required": 0,
                    "id": "",
                    "class": "",
                    "conditional_logic": 0,
                    "parent": 194,
                    "wrapper": {
                        "width": "50",
                        "class": "",
                        "id": ""
                    },
                    "_name": "primary_accent",
                    "_prepare": 0,
                    "_valid": 1,
                    "default_value": "#ffea36"
                },
                {
                    "ID": 196,
                    "key": "field_5977b0ac496e2",
                    "label": "Secondary Accent",
                    "name": "secondary_accent",
                    "prefix": "acf",
                    "type": "color_picker",
                    "value": null,
                    "menu_order": 1,
                    "instructions": "",
                    "required": 0,
                    "id": "",
                    "class": "",
                    "conditional_logic": 0,
                    "parent": 194,
                    "wrapper": {
                        "width": "50",
                        "class": "",
                        "id": ""
                    },
                    "_name": "secondary_accent",
                    "_prepare": 0,
                    "_valid": 1,
                    "default_value": "#43f3b7"
                }
            ]
        },
        {
            "key": "field_5977b10539c88",
            "label": "Base Colors",
            "name": "base_colors",
            "type": "group",
            "instructions": "",
            "required": 0,
            "conditional_logic": 0,
            "wrapper": {
                "width": "",
                "class": "",
                "id": ""
            },
            "layout": "block",
            "sub_fields": [
                {
                    "ID": 333,
                    "key": "field_597d0d77bb763",
                    "label": "Background Color",
                    "name": "background_color",
                    "prefix": "acf",
                    "type": "color_picker",
                    "value": null,
                    "menu_order": 0,
                    "instructions": "",
                    "required": 0,
                    "id": "",
                    "class": "",
                    "conditional_logic": 0,
                    "parent": 197,
                    "wrapper": {
                        "width": "50",
                        "class": "",
                        "id": ""
                    },
                    "_name": "background_color",
                    "_prepare": 0,
                    "_valid": 1,
                    "default_value": "#000"
                },
                {
                    "ID": 199,
                    "key": "field_5977b13b39c8a",
                    "label": "Text Color",
                    "name": "text_color",
                    "prefix": "acf",
                    "type": "color_picker",
                    "value": null,
                    "menu_order": 1,
                    "instructions": "",
                    "required": 0,
                    "id": "",
                    "class": "",
                    "conditional_logic": 0,
                    "parent": 197,
                    "wrapper": {
                        "width": "50",
                        "class": "",
                        "id": ""
                    },
                    "_name": "text_color",
                    "_prepare": 0,
                    "_valid": 1,
                    "default_value": "#FFF"
                }
            ]
        },
        {
            "key": "field_59362b9d68bbd",
            "label": "Background",
            "name": "",
            "type": "tab",
            "instructions": "",
            "required": 0,
            "conditional_logic": 0,
            "wrapper": {
                "width": "",
                "class": "",
                "id": ""
            },
            "placement": "top",
            "endpoint": 0
        },
        {
            "key": "field_597bef99b7c7b",
            "label": "Background Image",
            "name": "background_image",
            "type": "group",
            "instructions": "",
            "required": 0,
            "conditional_logic": 0,
            "wrapper": {
                "width": "",
                "class": "",
                "id": ""
            },
            "layout": "block",
            "sub_fields": [
                {
                    "ID": 305,
                    "key": "field_597befb4b7c7c",
                    "label": "Upload Image",
                    "name": "background_image",
                    "prefix": "acf",
                    "type": "image",
                    "value": null,
                    "menu_order": 0,
                    "instructions": "",
                    "required": 0,
                    "id": "",
                    "class": "",
                    "conditional_logic": 0,
                    "parent": 304,
                    "wrapper": {
                        "width": "",
                        "class": "",
                        "id": ""
                    },
                    "_name": "background_image",
                    "_prepare": 0,
                    "_valid": 1,
                    "return_format": "url",
                    "preview_size": "thumbnail",
                    "library": "all",
                    "min_width": "",
                    "min_height": "",
                    "min_size": "",
                    "max_width": "",
                    "max_height": "",
                    "max_size": "",
                    "mime_types": ""
                },
                {
                    "ID": 306,
                    "key": "field_597befdcb7c7d",
                    "label": "Background Fit",
                    "name": "background_fit",
                    "prefix": "acf",
                    "type": "radio",
                    "value": null,
                    "menu_order": 1,
                    "instructions": "",
                    "required": 0,
                    "id": "",
                    "class": "",
                    "conditional_logic": 0,
                    "parent": 304,
                    "wrapper": {
                        "width": "",
                        "class": "",
                        "id": ""
                    },
                    "_name": "background_fit",
                    "_prepare": 0,
                    "_valid": 1,
                    "choices": {
                        "cover_fit": "Cover (<small>may crop image from sides<\/small>)",
                        "repeat_fit": "Repeat (<small>repeats horizontally and vertically<\/small>)"
                    },
                    "allow_null": 0,
                    "other_choice": 0,
                    "save_other_choice": 0,
                    "default_value": "cover_fit",
                    "layout": "horizontal",
                    "return_format": "value"
                }
            ]
        },
        {
            "key": "field_5977b1e1812f5",
            "label": "Background Effects",
            "name": "background_effects",
            "type": "group",
            "instructions": "",
            "required": 0,
            "conditional_logic": 0,
            "wrapper": {
                "width": "",
                "class": "",
                "id": ""
            },
            "layout": "block",
            "sub_fields": [
                {
                    "ID": 201,
                    "key": "field_5977b1fb812f6",
                    "label": "Background Image Opacity <small>(initial)<\/small>",
                    "name": "background_opacity",
                    "prefix": "acf",
                    "type": "number",
                    "value": null,
                    "menu_order": 0,
                    "instructions": "",
                    "required": 0,
                    "id": "",
                    "class": "",
                    "conditional_logic": 0,
                    "parent": 200,
                    "wrapper": {
                        "width": "50",
                        "class": "",
                        "id": ""
                    },
                    "_name": "background_opacity",
                    "_prepare": 0,
                    "_valid": 1,
                    "default_value": 1,
                    "placeholder": "",
                    "prepend": "",
                    "append": "",
                    "min": 0,
                    "max": 1,
                    "step": "0.01"
                },
                {
                    "ID": 202,
                    "key": "field_5977b21d812f7",
                    "label": "Background Image Blur <small>(initial)<\/small>",
                    "name": "background_blur",
                    "prefix": "acf",
                    "type": "number",
                    "value": null,
                    "menu_order": 1,
                    "instructions": "",
                    "required": 0,
                    "id": "",
                    "class": "",
                    "conditional_logic": 0,
                    "parent": 200,
                    "wrapper": {
                        "width": "50",
                        "class": "",
                        "id": ""
                    },
                    "_name": "background_blur",
                    "_prepare": 0,
                    "_valid": 1,
                    "default_value": 0,
                    "placeholder": "",
                    "prepend": "",
                    "append": "",
                    "min": "",
                    "max": "",
                    "step": ""
                },
                {
                    "ID": 521,
                    "key": "field_59800efa7fcf5",
                    "label": "Background Image Opacity <small>(on scroll)<\/small>",
                    "name": "background_opacity_scroll",
                    "prefix": "acf",
                    "type": "number",
                    "value": null,
                    "menu_order": 2,
                    "instructions": "",
                    "required": 0,
                    "id": "",
                    "class": "",
                    "conditional_logic": 0,
                    "parent": 200,
                    "wrapper": {
                        "width": "50",
                        "class": "",
                        "id": ""
                    },
                    "_name": "background_opacity_scroll",
                    "_prepare": 0,
                    "_valid": 1,
                    "default_value": "0.8",
                    "placeholder": "",
                    "prepend": "",
                    "append": "",
                    "min": 0,
                    "max": 1,
                    "step": "0.01"
                },
                {
                    "ID": 522,
                    "key": "field_59800f1c7fcf6",
                    "label": "Background Image Blur <small>(on scroll)<\/small>",
                    "name": "background_blur_scroll",
                    "prefix": "acf",
                    "type": "number",
                    "value": null,
                    "menu_order": 3,
                    "instructions": "",
                    "required": 0,
                    "id": "",
                    "class": "",
                    "conditional_logic": 0,
                    "parent": 200,
                    "wrapper": {
                        "width": "50",
                        "class": "",
                        "id": ""
                    },
                    "_name": "background_blur_scroll",
                    "_prepare": 0,
                    "_valid": 1,
                    "default_value": 3,
                    "placeholder": "",
                    "prepend": "",
                    "append": "",
                    "min": "",
                    "max": "",
                    "step": ""
                }
            ]
        },
        {
            "key": "field_597abbb49c948",
            "label": "Menu",
            "name": "",
            "type": "tab",
            "instructions": "",
            "required": 0,
            "conditional_logic": 0,
            "wrapper": {
                "width": "",
                "class": "",
                "id": ""
            },
            "placement": "top",
            "endpoint": 0
        },
        {
            "key": "field_5977afb5a529d",
            "label": "Logo",
            "name": "page_logos",
            "type": "group",
            "instructions": "",
            "required": 0,
            "conditional_logic": 0,
            "wrapper": {
                "width": "",
                "class": "",
                "id": ""
            },
            "layout": "block",
            "sub_fields": [
                {
                    "ID": 192,
                    "key": "field_5977afd8a529e",
                    "label": "Desktop Logo",
                    "name": "desktop_logo",
                    "prefix": "acf",
                    "type": "image",
                    "value": null,
                    "menu_order": 0,
                    "instructions": "",
                    "required": 0,
                    "id": "",
                    "class": "",
                    "conditional_logic": 0,
                    "parent": 191,
                    "wrapper": {
                        "width": "50",
                        "class": "",
                        "id": ""
                    },
                    "_name": "desktop_logo",
                    "_prepare": 0,
                    "_valid": 1,
                    "return_format": "url",
                    "preview_size": "thumbnail",
                    "library": "all",
                    "min_width": "",
                    "min_height": "",
                    "min_size": "",
                    "max_width": "",
                    "max_height": "",
                    "max_size": "",
                    "mime_types": ""
                },
                {
                    "ID": 193,
                    "key": "field_5977aff8a529f",
                    "label": "Mobile Logo",
                    "name": "mobile_logo",
                    "prefix": "acf",
                    "type": "image",
                    "value": null,
                    "menu_order": 1,
                    "instructions": "",
                    "required": 0,
                    "id": "",
                    "class": "",
                    "conditional_logic": 0,
                    "parent": 191,
                    "wrapper": {
                        "width": "50",
                        "class": "",
                        "id": ""
                    },
                    "_name": "mobile_logo",
                    "_prepare": 0,
                    "_valid": 1,
                    "return_format": "url",
                    "preview_size": "thumbnail",
                    "library": "all",
                    "min_width": "",
                    "min_height": "",
                    "min_size": "",
                    "max_width": "",
                    "max_height": "",
                    "max_size": "",
                    "mime_types": ""
                }
            ]
        },
        {
            "key": "field_597abbc49c949",
            "label": "Parent Links",
            "name": "menu_parent_links",
            "type": "group",
            "instructions": "",
            "required": 0,
            "conditional_logic": 0,
            "wrapper": {
                "width": "",
                "class": "",
                "id": ""
            },
            "layout": "block",
            "sub_fields": [
                {
                    "ID": 236,
                    "key": "field_597abbe49c94a",
                    "label": "Link Color",
                    "name": "link_color",
                    "prefix": "acf",
                    "type": "color_picker",
                    "value": null,
                    "menu_order": 0,
                    "instructions": "",
                    "required": 1,
                    "id": "",
                    "class": "",
                    "conditional_logic": 0,
                    "parent": 235,
                    "wrapper": {
                        "width": "33.3333",
                        "class": "",
                        "id": ""
                    },
                    "_name": "link_color",
                    "_prepare": 0,
                    "_valid": 1,
                    "default_value": "#B2B2B2"
                },
                {
                    "ID": 246,
                    "key": "field_597ac0f95f941",
                    "label": "Link Color <small>(current)<\/small>",
                    "name": "link_color_current",
                    "prefix": "acf",
                    "type": "color_picker",
                    "value": null,
                    "menu_order": 1,
                    "instructions": "",
                    "required": 1,
                    "id": "",
                    "class": "",
                    "conditional_logic": 0,
                    "parent": 235,
                    "wrapper": {
                        "width": "33.3333",
                        "class": "",
                        "id": ""
                    },
                    "_name": "link_color_current",
                    "_prepare": 0,
                    "_valid": 1,
                    "default_value": "#FFF"
                },
                {
                    "ID": 237,
                    "key": "field_597abc1e9c94b",
                    "label": "Link Color <small>(hover)<\/small>",
                    "name": "link_color_hover",
                    "prefix": "acf",
                    "type": "color_picker",
                    "value": null,
                    "menu_order": 2,
                    "instructions": "",
                    "required": 1,
                    "id": "",
                    "class": "",
                    "conditional_logic": 0,
                    "parent": 235,
                    "wrapper": {
                        "width": "33.3333",
                        "class": "",
                        "id": ""
                    },
                    "_name": "link_color_hover",
                    "_prepare": 0,
                    "_valid": 1,
                    "default_value": "#FFF"
                }
            ]
        },
        {
            "key": "field_597ac1790d487",
            "label": "Child Wrapper",
            "name": "menu_child_wrapper",
            "type": "group",
            "instructions": "",
            "required": 0,
            "conditional_logic": 0,
            "wrapper": {
                "width": "",
                "class": "",
                "id": ""
            },
            "layout": "block",
            "sub_fields": [
                {
                    "ID": 249,
                    "key": "field_597ac1870d488",
                    "label": "Background Color",
                    "name": "background_color",
                    "prefix": "acf",
                    "type": "color_picker",
                    "value": null,
                    "menu_order": 0,
                    "instructions": "",
                    "required": 0,
                    "id": "",
                    "class": "",
                    "conditional_logic": 0,
                    "parent": 248,
                    "wrapper": {
                        "width": "50",
                        "class": "",
                        "id": ""
                    },
                    "_name": "background_color",
                    "_prepare": 0,
                    "_valid": 1,
                    "default_value": "#FFF"
                },
                {
                    "ID": 250,
                    "key": "field_597ac1990d489",
                    "label": "Border Color",
                    "name": "border_color",
                    "prefix": "acf",
                    "type": "color_picker",
                    "value": null,
                    "menu_order": 1,
                    "instructions": "",
                    "required": 0,
                    "id": "",
                    "class": "",
                    "conditional_logic": 0,
                    "parent": 248,
                    "wrapper": {
                        "width": "50",
                        "class": "",
                        "id": ""
                    },
                    "_name": "border_color",
                    "_prepare": 0,
                    "_valid": 1,
                    "default_value": ""
                }
            ]
        },
        {
            "key": "field_597abca83297b",
            "label": "Child Links",
            "name": "menu_child_links",
            "type": "group",
            "instructions": "",
            "required": 0,
            "conditional_logic": 0,
            "wrapper": {
                "width": "",
                "class": "",
                "id": ""
            },
            "layout": "block",
            "sub_fields": [
                {
                    "ID": 239,
                    "key": "field_597abca83297c",
                    "label": "Link Color",
                    "name": "link_color",
                    "prefix": "acf",
                    "type": "color_picker",
                    "value": null,
                    "menu_order": 0,
                    "instructions": "",
                    "required": 1,
                    "id": "",
                    "class": "",
                    "conditional_logic": 0,
                    "parent": 238,
                    "wrapper": {
                        "width": "33.3333",
                        "class": "",
                        "id": ""
                    },
                    "_name": "link_color",
                    "_prepare": 0,
                    "_valid": 1,
                    "default_value": "#292929"
                },
                {
                    "ID": 247,
                    "key": "field_597ac1355f942",
                    "label": "Link Color <small>(current)<\/small>",
                    "name": "link_color_current",
                    "prefix": "acf",
                    "type": "color_picker",
                    "value": null,
                    "menu_order": 1,
                    "instructions": "",
                    "required": 1,
                    "id": "",
                    "class": "",
                    "conditional_logic": 0,
                    "parent": 238,
                    "wrapper": {
                        "width": "33.3333",
                        "class": "",
                        "id": ""
                    },
                    "_name": "link_color_current",
                    "_prepare": 0,
                    "_valid": 1,
                    "default_value": "#292929"
                },
                {
                    "ID": 240,
                    "key": "field_597abca83297d",
                    "label": "Link Color <small>(hover)<\/small>",
                    "name": "link_color_hover",
                    "prefix": "acf",
                    "type": "color_picker",
                    "value": null,
                    "menu_order": 2,
                    "instructions": "",
                    "required": 1,
                    "id": "",
                    "class": "",
                    "conditional_logic": 0,
                    "parent": 238,
                    "wrapper": {
                        "width": "33.3333",
                        "class": "",
                        "id": ""
                    },
                    "_name": "link_color_hover",
                    "_prepare": 0,
                    "_valid": 1,
                    "default_value": "#292929"
                }
            ]
        },
        {
            "key": "field_5941af4fb6586",
            "label": "Forms",
            "name": "",
            "type": "tab",
            "instructions": "",
            "required": 0,
            "conditional_logic": 0,
            "wrapper": {
                "width": "",
                "class": "",
                "id": ""
            },
            "placement": "top",
            "endpoint": 0
        },
        {
            "key": "field_597bf157c364a",
            "label": "Text Styling",
            "name": "form_text_styling",
            "type": "group",
            "instructions": "",
            "required": 0,
            "conditional_logic": 0,
            "wrapper": {
                "width": "",
                "class": "",
                "id": ""
            },
            "layout": "block",
            "sub_fields": [
                {
                    "ID": 308,
                    "key": "field_597bf170c364b",
                    "label": "Label Color",
                    "name": "label_color",
                    "prefix": "acf",
                    "type": "color_picker",
                    "value": null,
                    "menu_order": 0,
                    "instructions": "",
                    "required": 0,
                    "id": "",
                    "class": "",
                    "conditional_logic": 0,
                    "parent": 307,
                    "wrapper": {
                        "width": "33.33333",
                        "class": "",
                        "id": ""
                    },
                    "_name": "label_color",
                    "_prepare": 0,
                    "_valid": 1,
                    "default_value": "#838383"
                },
                {
                    "ID": 309,
                    "key": "field_597bf184c364c",
                    "label": "Req. Symbol Color",
                    "name": "req_symbol_color",
                    "prefix": "acf",
                    "type": "color_picker",
                    "value": null,
                    "menu_order": 1,
                    "instructions": "",
                    "required": 0,
                    "id": "",
                    "class": "",
                    "conditional_logic": 0,
                    "parent": 307,
                    "wrapper": {
                        "width": "66.666667",
                        "class": "",
                        "id": ""
                    },
                    "_name": "req_symbol_color",
                    "_prepare": 0,
                    "_valid": 1,
                    "default_value": "#ff0000"
                }
            ]
        },
        {
            "key": "field_5977ad0216036",
            "label": "Field Styling",
            "name": "form_field_styling",
            "type": "group",
            "instructions": "",
            "required": 0,
            "conditional_logic": 0,
            "wrapper": {
                "width": "",
                "class": "",
                "id": ""
            },
            "layout": "block",
            "sub_fields": [
                {
                    "ID": 184,
                    "key": "field_5977ad4716037",
                    "label": "Background Color",
                    "name": "background_color",
                    "prefix": "acf",
                    "type": "color_picker",
                    "value": null,
                    "menu_order": 0,
                    "instructions": "",
                    "required": 0,
                    "id": "",
                    "class": "",
                    "conditional_logic": 0,
                    "parent": 183,
                    "wrapper": {
                        "width": "33.33333",
                        "class": "",
                        "id": ""
                    },
                    "_name": "background_color",
                    "_prepare": 0,
                    "_valid": 1,
                    "default_value": "#242424"
                },
                {
                    "ID": 185,
                    "key": "field_5977ad7316038",
                    "label": "Border Color",
                    "name": "border_color",
                    "prefix": "acf",
                    "type": "color_picker",
                    "value": null,
                    "menu_order": 1,
                    "instructions": "",
                    "required": 0,
                    "id": "",
                    "class": "",
                    "conditional_logic": 0,
                    "parent": 183,
                    "wrapper": {
                        "width": "33.33333",
                        "class": "",
                        "id": ""
                    },
                    "_name": "border_color",
                    "_prepare": 0,
                    "_valid": 1,
                    "default_value": "#393939"
                },
                {
                    "ID": 186,
                    "key": "field_5977ad9116039",
                    "label": "Text Color",
                    "name": "text_color",
                    "prefix": "acf",
                    "type": "color_picker",
                    "value": null,
                    "menu_order": 2,
                    "instructions": "",
                    "required": 0,
                    "id": "",
                    "class": "",
                    "conditional_logic": 0,
                    "parent": 183,
                    "wrapper": {
                        "width": "33.33333",
                        "class": "",
                        "id": ""
                    },
                    "_name": "text_color",
                    "_prepare": 0,
                    "_valid": 1,
                    "default_value": "#B7B7B7"
                },
                {
                    "ID": 226,
                    "key": "field_597aa7f225f07",
                    "label": "Background Color <small>(Focus)<\/small>",
                    "name": "background_color_focus",
                    "prefix": "acf",
                    "type": "color_picker",
                    "value": null,
                    "menu_order": 3,
                    "instructions": "",
                    "required": 0,
                    "id": "",
                    "class": "",
                    "conditional_logic": 0,
                    "parent": 183,
                    "wrapper": {
                        "width": "33.33333",
                        "class": "",
                        "id": ""
                    },
                    "_name": "background_color_focus",
                    "_prepare": 0,
                    "_valid": 1,
                    "default_value": "#242424"
                },
                {
                    "ID": 228,
                    "key": "field_597ab8d7097e9",
                    "label": "Border Color <small>(Focus)<\/small>",
                    "name": "border_color_focus",
                    "prefix": "acf",
                    "type": "color_picker",
                    "value": null,
                    "menu_order": 4,
                    "instructions": "",
                    "required": 0,
                    "id": "",
                    "class": "",
                    "conditional_logic": 0,
                    "parent": 183,
                    "wrapper": {
                        "width": "33.33333",
                        "class": "",
                        "id": ""
                    },
                    "_name": "border_color_focus",
                    "_prepare": 0,
                    "_valid": 1,
                    "default_value": "#555555"
                },
                {
                    "ID": 229,
                    "key": "field_597ab8ef097ea",
                    "label": "Text Color  <small>(Focus)<\/small>",
                    "name": "text_color_focus",
                    "prefix": "acf",
                    "type": "color_picker",
                    "value": null,
                    "menu_order": 5,
                    "instructions": "",
                    "required": 0,
                    "id": "",
                    "class": "",
                    "conditional_logic": 0,
                    "parent": 183,
                    "wrapper": {
                        "width": "33.33333",
                        "class": "",
                        "id": ""
                    },
                    "_name": "text_color_focus",
                    "_prepare": 0,
                    "_valid": 1,
                    "default_value": "#B7B7B7"
                }
            ]
        },
        {
            "key": "field_5977ae7ede0ec",
            "label": "Button Styling",
            "name": "form_button_styling",
            "type": "group",
            "instructions": "",
            "required": 0,
            "conditional_logic": 0,
            "wrapper": {
                "width": "",
                "class": "",
                "id": ""
            },
            "layout": "block",
            "sub_fields": [
                {
                    "ID": 189,
                    "key": "field_5977ae9ede0ed",
                    "label": "Background Color",
                    "name": "background_color",
                    "prefix": "acf",
                    "type": "color_picker",
                    "value": null,
                    "menu_order": 0,
                    "instructions": "",
                    "required": 0,
                    "id": "",
                    "class": "",
                    "conditional_logic": 0,
                    "parent": 188,
                    "wrapper": {
                        "width": "33.33333",
                        "class": "",
                        "id": ""
                    },
                    "_name": "background_color",
                    "_prepare": 0,
                    "_valid": 1,
                    "default_value": "#0FFFBE"
                },
                {
                    "ID": 310,
                    "key": "field_597bf2afbf767",
                    "label": "Border Color",
                    "name": "border_color",
                    "prefix": "acf",
                    "type": "color_picker",
                    "value": null,
                    "menu_order": 1,
                    "instructions": "",
                    "required": 0,
                    "id": "",
                    "class": "",
                    "conditional_logic": 0,
                    "parent": 188,
                    "wrapper": {
                        "width": "33.33333",
                        "class": "",
                        "id": ""
                    },
                    "_name": "border_color",
                    "_prepare": 0,
                    "_valid": 1,
                    "default_value": "#0FFFBE"
                },
                {
                    "ID": 190,
                    "key": "field_5977aec7de0ee",
                    "label": "Text Color",
                    "name": "text_color",
                    "prefix": "acf",
                    "type": "color_picker",
                    "value": null,
                    "menu_order": 2,
                    "instructions": "",
                    "required": 0,
                    "id": "",
                    "class": "",
                    "conditional_logic": 0,
                    "parent": 188,
                    "wrapper": {
                        "width": "33.333333",
                        "class": "",
                        "id": ""
                    },
                    "_name": "text_color",
                    "_prepare": 0,
                    "_valid": 1,
                    "default_value": "#000"
                },
                {
                    "ID": 230,
                    "key": "field_597ab93c36576",
                    "label": "Background Color  <small>(hover)<\/small>",
                    "name": "background_color_hover",
                    "prefix": "acf",
                    "type": "color_picker",
                    "value": null,
                    "menu_order": 3,
                    "instructions": "",
                    "required": 0,
                    "id": "",
                    "class": "",
                    "conditional_logic": 0,
                    "parent": 188,
                    "wrapper": {
                        "width": "33.33333",
                        "class": "",
                        "id": ""
                    },
                    "_name": "background_color_hover",
                    "_prepare": 0,
                    "_valid": 1,
                    "default_value": "#EAEAEA"
                },
                {
                    "ID": 311,
                    "key": "field_597bf2d7bf768",
                    "label": "Border Color <small>(hover)<\/small>",
                    "name": "border_color_hover",
                    "prefix": "acf",
                    "type": "color_picker",
                    "value": null,
                    "menu_order": 4,
                    "instructions": "",
                    "required": 0,
                    "id": "",
                    "class": "",
                    "conditional_logic": 0,
                    "parent": 188,
                    "wrapper": {
                        "width": "33.33333",
                        "class": "",
                        "id": ""
                    },
                    "_name": "border_color_hover",
                    "_prepare": 0,
                    "_valid": 1,
                    "default_value": "#EAEAEA"
                },
                {
                    "ID": 231,
                    "key": "field_597ab93f36577",
                    "label": "Text Color <small>(hover)<\/small>",
                    "name": "text_color_hover",
                    "prefix": "acf",
                    "type": "color_picker",
                    "value": null,
                    "menu_order": 5,
                    "instructions": "",
                    "required": 0,
                    "id": "",
                    "class": "",
                    "conditional_logic": 0,
                    "parent": 188,
                    "wrapper": {
                        "width": "33.33333",
                        "class": "",
                        "id": ""
                    },
                    "_name": "text_color_hover",
                    "_prepare": 0,
                    "_valid": 1,
                    "default_value": "#000"
                }
            ]
        }
    ],
    "location": [
        [
            {
                "param": "post_type",
                "operator": "==",
                "value": "page"
            }
        ],
        [
            {
                "param": "post_type",
                "operator": "==",
                "value": "portfolio"
            }
        ],
        [
            {
                "param": "post_type",
                "operator": "==",
                "value": "post"
            }
        ]
    ],
    "menu_order": 20,
    "position": "normal",
    "style": "default",
    "label_placement": "top",
    "instruction_placement": "label",
    "hide_on_screen": "",
    "active": 1,
    "description": "",
    "modified": 1501643210
}