{
    "key": "group_593150269c157",
    "title": "Folio Details",
    "fields": [
        {
            "key": "field_59315035bdbd6",
            "label": "Portfolio Page",
            "name": "portfolio_page",
            "type": "page_link",
            "instructions": "Choose the master page for this folio. If you are not using multiple portfolios and don't want to set this page for each folio, you can set this page globally from 'Appearance > Customize > Portfolio'.",
            "required": 0,
            "conditional_logic": 0,
            "wrapper": {
                "width": "",
                "class": "",
                "id": ""
            },
            "post_type": [
                "page"
            ],
            "taxonomy": [],
            "allow_null": 1,
            "allow_archives": 0,
            "multiple": 0
        },
        {
            "key": "field_5931508ebdbd7",
            "label": "Custom URL",
            "name": "custom_url",
            "type": "url",
            "instructions": "This URL will be used instead of default folio detail page. You can even enter an image or video (youtube, vimeo etc) URL here and the theme will open it in the lightbox.",
            "required": 0,
            "conditional_logic": 0,
            "wrapper": {
                "width": "",
                "class": "",
                "id": ""
            },
            "default_value": "",
            "placeholder": ""
        },
        {
            "key": "field_597e8607bcc78",
            "label": "Slider Image",
            "name": "slider_image",
            "type": "image",
            "instructions": "This image will be displayed as slider image if this entry is featured. Any entry can be featured through master portfolio page edit screen.",
            "required": 0,
            "conditional_logic": 0,
            "wrapper": {
                "width": "",
                "class": "",
                "id": ""
            },
            "return_format": "url",
            "preview_size": "medium",
            "library": "all",
            "min_width": "",
            "min_height": "",
            "min_size": "",
            "max_width": "",
            "max_height": "",
            "max_size": "",
            "mime_types": ""
        },
        {
            "key": "field_5977b7d4dc24b",
            "label": "Thumbnail Dimension",
            "name": "thumbnail_dimension",
            "type": "group",
            "instructions": "Where, 'x' means span of entry thumbnail dimension over number of columns or rows. So a value of '2x' for 'Thumbnail Width' means that the thumbnail will span two columns (from available number of columns in the grid). The same concept applies to the 'Thumbnail Height' field.",
            "required": 0,
            "conditional_logic": 0,
            "wrapper": {
                "width": "",
                "class": "",
                "id": ""
            },
            "layout": "block",
            "sub_fields": [
                {
                    "ID": 207,
                    "key": "field_5977b7efdc24c",
                    "label": "Width",
                    "name": "thumbnail_width",
                    "prefix": "acf",
                    "type": "select",
                    "value": null,
                    "menu_order": 0,
                    "instructions": "",
                    "required": 1,
                    "id": "",
                    "class": "",
                    "conditional_logic": 0,
                    "parent": 206,
                    "wrapper": {
                        "width": "50",
                        "class": "",
                        "id": ""
                    },
                    "_name": "thumbnail_width",
                    "_prepare": 0,
                    "_valid": 1,
                    "choices": {
                        "width-1x": "1x Width",
                        "width-2x": "2x Width",
                        "width-3x": "3x Width",
                        "width-4x": "4x Width",
                        "width-5x": "5x Width",
                        "width-6x": "6x Width"
                    },
                    "default_value": [
                        "width-1x"
                    ],
                    "allow_null": 0,
                    "multiple": 0,
                    "ui": 0,
                    "ajax": 0,
                    "return_format": "value",
                    "placeholder": ""
                },
                {
                    "ID": 208,
                    "key": "field_5977b81adc24d",
                    "label": "Height",
                    "name": "thumbnail_height",
                    "prefix": "acf",
                    "type": "select",
                    "value": null,
                    "menu_order": 1,
                    "instructions": "",
                    "required": 1,
                    "id": "",
                    "class": "",
                    "conditional_logic": 0,
                    "parent": 206,
                    "wrapper": {
                        "width": "50",
                        "class": "",
                        "id": ""
                    },
                    "_name": "thumbnail_height",
                    "_prepare": 0,
                    "_valid": 1,
                    "choices": {
                        "height-1x": "1x Height",
                        "height-2x": "2x Height",
                        "height-3x": "3x Height",
                        "height-4x": "4x Height",
                        "height-5x": "5x Height",
                        "height-6x": "6x Height"
                    },
                    "default_value": [
                        "height-1x"
                    ],
                    "allow_null": 0,
                    "multiple": 0,
                    "ui": 0,
                    "ajax": 0,
                    "return_format": "value",
                    "placeholder": ""
                }
            ]
        },
        {
            "key": "field_593314fb94b57",
            "label": "Thumbnail Fit",
            "name": "thumbnail_fit",
            "type": "radio",
            "instructions": "Not all fits are suitable for every type of portfolio layout. Choose accordingly.",
            "required": 1,
            "conditional_logic": 0,
            "wrapper": {
                "width": "",
                "class": "",
                "id": ""
            },
            "choices": {
                "default": "Default",
                "cover-fit": "Cover (<small>may crop image from sides<\/small>)",
                "repeat-fit": "Repeat"
            },
            "allow_null": 0,
            "other_choice": 0,
            "save_other_choice": 0,
            "default_value": "default",
            "layout": "horizontal",
            "return_format": "value"
        }
    ],
    "location": [
        [
            {
                "param": "post_type",
                "operator": "==",
                "value": "portfolio"
            }
        ]
    ],
    "menu_order": 30,
    "position": "normal",
    "style": "default",
    "label_placement": "top",
    "instruction_placement": "label",
    "hide_on_screen": "",
    "active": 1,
    "description": "",
    "modified": 1502310155
}