{
    "key": "group_592cf1d6ba095",
    "title": "Portfolio Details",
    "fields": [
        {
            "key": "field_5957a71b197c4",
            "label": "Grid",
            "name": "",
            "type": "tab",
            "instructions": "",
            "required": 0,
            "conditional_logic": 0,
            "wrapper": {
                "width": "",
                "class": "",
                "id": ""
            },
            "placement": "top",
            "endpoint": 0
        },
        {
            "key": "field_592cf24e014e3",
            "label": "Category",
            "name": "portfolio_category",
            "type": "taxonomy",
            "instructions": "",
            "required": 0,
            "conditional_logic": 0,
            "wrapper": {
                "width": "",
                "class": "",
                "id": ""
            },
            "taxonomy": "portfolio_category",
            "field_type": "multi_select",
            "allow_null": 0,
            "add_term": 1,
            "save_terms": 0,
            "load_terms": 0,
            "return_format": "id",
            "multiple": 0
        },
        {
            "key": "field_5983a63eb6f88",
            "label": "Layout Configuration",
            "name": "portfolio_layout_config",
            "type": "group",
            "instructions": "",
            "required": 1,
            "conditional_logic": 0,
            "wrapper": {
                "width": "",
                "class": "",
                "id": ""
            },
            "layout": "block",
            "sub_fields": [
                {
                    "ID": 598,
                    "key": "field_5983a65cb6f89",
                    "label": "Columns",
                    "name": "columns",
                    "prefix": "acf",
                    "type": "select",
                    "value": null,
                    "menu_order": 0,
                    "instructions": "Define maximum number of columns the portfolio grid would have.",
                    "required": 0,
                    "id": "",
                    "class": "",
                    "conditional_logic": 0,
                    "parent": 597,
                    "wrapper": {
                        "width": "50",
                        "class": "",
                        "id": ""
                    },
                    "_name": "columns",
                    "_prepare": 0,
                    "_valid": 1,
                    "choices": {
                        "1": "One Column",
                        "2": "Two Columns",
                        "3": "Three Columns",
                        "4": "Four Columns",
                        "5": "Five Columns",
                        "6": "Six Columns"
                    },
                    "default_value": [
                        4
                    ],
                    "allow_null": 0,
                    "multiple": 0,
                    "ui": 0,
                    "ajax": 0,
                    "return_format": "value",
                    "placeholder": ""
                },
                {
                    "ID": 599,
                    "key": "field_5983a684b6f8a",
                    "label": "Gutter",
                    "name": "gutter",
                    "prefix": "acf",
                    "type": "number",
                    "value": null,
                    "menu_order": 1,
                    "instructions": "Refers to the margin among columns and rows.",
                    "required": 0,
                    "id": "",
                    "class": "",
                    "conditional_logic": 0,
                    "parent": 597,
                    "wrapper": {
                        "width": "50",
                        "class": "",
                        "id": ""
                    },
                    "_name": "gutter",
                    "_prepare": 0,
                    "_valid": 1,
                    "default_value": 30,
                    "placeholder": "",
                    "prepend": "",
                    "append": "px",
                    "min": 0,
                    "max": "",
                    "step": 1
                }
            ]
        },
        {
            "key": "field_5983a795fb723",
            "label": "Entries Configuration",
            "name": "portfolio_entries_config",
            "type": "group",
            "instructions": "",
            "required": 1,
            "conditional_logic": 0,
            "wrapper": {
                "width": "",
                "class": "",
                "id": ""
            },
            "layout": "block",
            "sub_fields": [
                {
                    "ID": 601,
                    "key": "field_5983a7b2fb724",
                    "label": "Batch Size",
                    "name": "batch_size",
                    "prefix": "acf",
                    "type": "number",
                    "value": null,
                    "menu_order": 0,
                    "instructions": "How many entries to show on the first load. Use '-1' if you want to show all entries.",
                    "required": 0,
                    "id": "",
                    "class": "",
                    "conditional_logic": 0,
                    "parent": 600,
                    "wrapper": {
                        "width": "50",
                        "class": "",
                        "id": ""
                    },
                    "_name": "batch_size",
                    "_prepare": 0,
                    "_valid": 1,
                    "default_value": 12,
                    "placeholder": "",
                    "prepend": "",
                    "append": "Entries",
                    "min": -1,
                    "max": "",
                    "step": ""
                },
                {
                    "ID": 602,
                    "key": "field_5983a7e6fb725",
                    "label": "Batch Trigger",
                    "name": "batch_trigger",
                    "prefix": "acf",
                    "type": "select",
                    "value": null,
                    "menu_order": 1,
                    "instructions": "When the following action is triggered the theme will load next batch of entries.",
                    "required": 0,
                    "id": "",
                    "class": "",
                    "conditional_logic": 0,
                    "parent": 600,
                    "wrapper": {
                        "width": "50",
                        "class": "",
                        "id": ""
                    },
                    "_name": "batch_trigger",
                    "_prepare": 0,
                    "_valid": 1,
                    "choices": {
                        "scroll": "On Scroll",
                        "button": "On Click (<small>over button<\/small>)"
                    },
                    "default_value": [
                        "scroll"
                    ],
                    "allow_null": 0,
                    "multiple": 0,
                    "ui": 0,
                    "ajax": 0,
                    "return_format": "value",
                    "placeholder": ""
                }
            ]
        },
        {
            "key": "field_5957a732197c5",
            "label": "Slider",
            "name": "",
            "type": "tab",
            "instructions": "",
            "required": 0,
            "conditional_logic": 0,
            "wrapper": {
                "width": "",
                "class": "",
                "id": ""
            },
            "placement": "top",
            "endpoint": 0
        },
        {
            "key": "field_593709bcff4f6",
            "label": "Slider Posts",
            "name": "portfolio_slider_posts",
            "type": "post_object",
            "instructions": "If no post is selected, the slider would automatically be disabled.",
            "required": 0,
            "conditional_logic": 0,
            "wrapper": {
                "width": "",
                "class": "",
                "id": ""
            },
            "post_type": [
                "portfolio"
            ],
            "taxonomy": [],
            "allow_null": 0,
            "multiple": 1,
            "return_format": "id",
            "ui": 1
        },
        {
            "key": "field_5983a316dd310",
            "label": "Slider Autoplay",
            "name": "portfolio_slider_autoplay",
            "type": "group",
            "instructions": "",
            "required": 0,
            "conditional_logic": 0,
            "wrapper": {
                "width": "",
                "class": "",
                "id": ""
            },
            "layout": "block",
            "sub_fields": [
                {
                    "ID": 592,
                    "key": "field_5983a331dd311",
                    "label": "Enable Autoplay",
                    "name": "is_autoplay",
                    "prefix": "acf",
                    "type": "true_false",
                    "value": null,
                    "menu_order": 0,
                    "instructions": "",
                    "required": 0,
                    "id": "",
                    "class": "",
                    "conditional_logic": 0,
                    "parent": 591,
                    "wrapper": {
                        "width": "50",
                        "class": "",
                        "id": ""
                    },
                    "_name": "is_autoplay",
                    "_prepare": 0,
                    "_valid": 1,
                    "message": "Enable autoplay for the portfolio slider",
                    "default_value": 1,
                    "ui": 0,
                    "ui_on_text": "",
                    "ui_off_text": ""
                },
                {
                    "ID": 593,
                    "key": "field_5983a373dd312",
                    "label": "Autoplay Time",
                    "name": "autoplay_time",
                    "prefix": "acf",
                    "type": "number",
                    "value": null,
                    "menu_order": 1,
                    "instructions": "",
                    "required": 0,
                    "id": "",
                    "class": "",
                    "conditional_logic": 0,
                    "parent": 591,
                    "wrapper": {
                        "width": "50",
                        "class": "",
                        "id": ""
                    },
                    "_name": "autoplay_time",
                    "_prepare": 0,
                    "_valid": 1,
                    "default_value": 8,
                    "placeholder": "",
                    "prepend": "",
                    "append": "seconds",
                    "min": 1,
                    "max": "",
                    "step": ""
                }
            ]
        },
        {
            "key": "field_59839f47ad814",
            "label": "Custom Slider",
            "name": "portfolio_custom_slider",
            "type": "text",
            "instructions": "If you want to use the custom slider instead, enter the shortcode here. The built-in slider will gets disabled automatically.",
            "required": 0,
            "conditional_logic": 0,
            "wrapper": {
                "width": "",
                "class": "",
                "id": ""
            },
            "default_value": "",
            "placeholder": "[slider-shortcode id=\"xxx\"]",
            "prepend": "",
            "append": "",
            "maxlength": ""
        }
    ],
    "location": [
        [
            {
                "param": "page_template",
                "operator": "==",
                "value": "template-portfolio.php"
            }
        ]
    ],
    "menu_order": 30,
    "position": "normal",
    "style": "default",
    "label_placement": "top",
    "instruction_placement": "label",
    "hide_on_screen": "",
    "active": 1,
    "description": "",
    "modified": 1501800925
}