{"version":"0.4","title":"Contact &#8211; Minimal","type":"page","content":[{"id":"26095172","settings":{"structure":"30","margin":{"unit":"px","top":"45","right":0,"bottom":"0","left":0,"isLinked":false}},"elements":[{"id":"4d5c2c2c","settings":{"_column_size":33,"_inline_size":21.507},"elements":[],"isInner":false,"elType":"column"},{"id":"2a1d8c10","settings":{"_column_size":33,"_inline_size":58.977},"elements":[{"id":"17021ef4","settings":{"title":"Hello","header_size":"h4","align":"left","_css_classes":"prefix-heading"},"elements":[],"isInner":false,"widgetType":"heading","elType":"widget"},{"id":"18790853","settings":{"title":"Let's Talk","header_size":"h1","typography_typography":"custom","typography_font_family":"DM Serif Text","typography_font_size":{"unit":"px","size":72,"sizes":[]},"typography_font_weight":"400","typography_font_size_mobile":{"unit":"px","size":60,"sizes":[]}},"elements":[],"isInner":false,"widgetType":"heading","elType":"widget"},{"id":"ab42d32","settings":{"editor":"<p class=\"lead\">Like what you see? Would love to hear from you.<br>\nCall me at\n<b>+44 7911 123456<\/b><\/p>","text_color":"#000000","typography_typography":"custom","typography_font_family":"Open Sans","typography_font_size":{"unit":"px","size":22,"sizes":[]},"typography_font_weight":"300","typography_font_size_mobile":{"unit":"px","size":20,"sizes":[]}},"elements":[],"isInner":false,"widgetType":"text-editor","elType":"widget"}],"isInner":false,"elType":"column"},{"id":"607269f","settings":{"_column_size":33,"_inline_size":19.18},"elements":[],"isInner":false,"elType":"column"}],"isInner":false,"elType":"section"},{"id":"2e5bfbeb","settings":{"stretch_section":"section-stretched","structure":"30","background_background":"classic","background_color":"#F8F5F2","margin":{"unit":"px","top":"30","right":0,"bottom":"30","left":0,"isLinked":true},"padding":{"unit":"px","top":"90","right":"0","bottom":"90","left":"0","isLinked":false}},"elements":[{"id":"3132322c","settings":{"_column_size":33,"_inline_size":4.36},"elements":[],"isInner":false,"elType":"column"},{"id":"1dcd3167","settings":{"_column_size":33,"_inline_size":61.972},"elements":[{"id":"3d6de9b9","settings":{"image":{"url":"http:\/\/portfolio.blacksailor.co.uk\/wp-content\/uploads\/2021\/02\/map-bg.png","id":546}},"elements":[],"isInner":false,"widgetType":"image","elType":"widget"}],"isInner":false,"elType":"column"},{"id":"5ad4e39a","settings":{"_column_size":33,"_inline_size":null,"padding":{"unit":"px","top":"0","right":"0","bottom":"0","left":"30","isLinked":false}},"elements":[{"id":"2900e8d4","settings":{"title":"Contact Info","title_color":"#A6A6A6","typography_typography":"custom","typography_font_family":"Open Sans","typography_font_size":{"unit":"px","size":16,"sizes":[]},"typography_font_weight":"400","typography_text_transform":"uppercase","typography_letter_spacing":{"unit":"px","size":1,"sizes":[]},"_margin_mobile":{"unit":"px","top":"30","right":"0","bottom":"0","left":"0","isLinked":false}},"elements":[],"isInner":false,"widgetType":"heading","elType":"widget"},{"id":"6604ec7","settings":{"title":"Inquiries","header_size":"h4","typography_typography":"custom","typography_font_family":"DM Serif Text","typography_font_size":{"unit":"px","size":23,"sizes":[]},"typography_font_weight":"400"},"elements":[],"isInner":false,"widgetType":"heading","elType":"widget"},{"id":"1a3f4f84","settings":{"editor":"support@blacksailor.co.uk"},"elements":[],"isInner":false,"widgetType":"text-editor","elType":"widget"},{"id":"60daa3ec","settings":{"title":"Meets Us","header_size":"h4","typography_typography":"custom","typography_font_family":"DM Serif Text","typography_font_size":{"unit":"px","size":23,"sizes":[]},"typography_font_weight":"400"},"elements":[],"isInner":false,"widgetType":"heading","elType":"widget"},{"id":"7df739ee","settings":{"editor":"College House 2nd Floor,<br>\n17 King Edwards Road,<br>\nLondon"},"elements":[],"isInner":false,"widgetType":"text-editor","elType":"widget"},{"id":"513eb400","settings":{"space":{"unit":"px","size":35,"sizes":[]}},"elements":[],"isInner":false,"widgetType":"spacer","elType":"widget"},{"id":"6d89ddd7","settings":{"title":"See on Map","link":{"url":"#open-map","is_external":"","nofollow":"","custom_attributes":""},"header_size":"span","title_color":"#869DE8","typography_typography":"custom","typography_font_family":"Open Sans","typography_font_size":{"unit":"px","size":17,"sizes":[]},"typography_font_weight":"400","typography_letter_spacing":{"unit":"px","size":0,"sizes":[]},"_css_classes":"prefix-link"},"elements":[],"isInner":false,"widgetType":"heading","elType":"widget"}],"isInner":false,"elType":"column"}],"isInner":false,"elType":"section"},{"id":"7cfaf0f7","settings":{"structure":"30","padding":{"unit":"px","top":"60","right":"0","bottom":"0","left":"0","isLinked":false}},"elements":[{"id":"3f1464f1","settings":{"_column_size":33,"_inline_size":18.46},"elements":[],"isInner":false,"elType":"column"},{"id":"2f45000a","settings":{"_column_size":33,"_inline_size":62.657},"elements":[{"id":"dbb493b","settings":{"title":"Drop a Line","header_size":"h1","typography_typography":"custom","typography_font_family":"DM Serif Text","typography_font_size":{"unit":"px","size":60,"sizes":[]},"typography_font_weight":"400","typography_font_size_mobile":{"unit":"px","size":53,"sizes":[]}},"elements":[],"isInner":false,"widgetType":"heading","elType":"widget"},{"id":"f1443b6","settings":{"editor":"<p>Fill in this form or send us an e-mail with your inquiry.<\/p>","text_color":"#333333","typography_typography":"custom","typography_font_family":"Open Sans","typography_font_size":{"unit":"px","size":23,"sizes":[]},"typography_font_weight":"300","typography_font_size_mobile":{"unit":"px","size":20,"sizes":[]}},"elements":[],"isInner":false,"widgetType":"text-editor","elType":"widget"},{"id":"74757c9d","settings":{"shortcode":"[contact-form-7 id=\"6\" title=\"Contact Form\"]"},"elements":[],"isInner":false,"widgetType":"shortcode","elType":"widget"}],"isInner":false,"elType":"column"},{"id":"465b1e3a","settings":{"_column_size":33,"_inline_size":18.547},"elements":[],"isInner":false,"elType":"column"}],"isInner":false,"elType":"section"}],"page_settings":{"text":"Title","background_background":"classic","background_image":{"url":"http:\/\/portfolio.blacksailor.co.uk\/wp-content\/uploads\/2021\/03\/corner-pattern-dark.png","id":849},"background_position":"top left","background_repeat":"no-repeat"}}